for	donostia 20016 eta donostia kulturako langilee via kortxoenea
for	hemen duzue nesken futbolari buruz eginiko erreportaia aldapa zelaituz ederra benetan 
inf	eskerrik asko zure errespetu eta adeitasunarengatik mila muxu guapa 
inf	ya vestuperrare etxean nula konturatu naiz ta klaro geau in ber nitzan jajajaja la edad la edad xdddd
inf	aber gooiz iristenaizenn aireportutikkk ta ezteten asko galtzenn
for	ez da argentina italia da hamsik napoliko ultren buruarekin partidua jokatu edo ez erabakitzen beste mundu bat 
for	ze harro nagoen gaur hau zuei erakutsi ahal izateaz nyko new school eta kosova womens networken arteko elkarlana 
for	jende mordoa hurbildu da udaletxera neskak zoriontzeko gazte eta ume asko tartean 
inf	zerda zure printziko lagunan jeto oi kenduu jajaja
for	arabako ren errektoretza ordera hurbildu eta honakoa en castellano por favor lotsagarria ta iraingarria hizkuntz eskubideak
for	jarri sudur gorria ta eutsi irriei
for	inoiz baino indartsuago gatoz gora 
inf	oaindik astelena ta kin larunbateako planak iten jajajaja
inf	alkola eta tabakoaren zergak igoko dituztela ba oixe ez erre ta ez ean ta kitto
for	gaur ospatzen dugu zorionak denoi baita nafarroaren eguna ere nafarroa eta euskara eskutik helduta
for	hamalaugarrena jarraian igoera ziurtatuta datorren astean borobildu dezakegu denboraldia 
for	beste nonbait ikusi nuen bn orain hau bakarrik topatu dut 
for	urriaren 22an izatetik egitera guk nork bestela jardunaldietan izen ematea zabalik 
inf	mucha mierdaaaa nik ere aurrerago ikusiko dot
for	elkarrizketa interesgarria maitane azpirozi aldizkarian zirku garaikideaz irudiak ere oso politak 
inf	jajajaja ta gaiinea todo gutxiii
inf	gabon txikitxusssss ondo lo ein muxuusss gaur pozik ohera bihar ostirala
for	nafarroaren historia memoria bizia 15121982 ikastaroaren programa izena emateko 
inf	bale benetan ai aldaoinez al dator oeztek allau erreza
for	euskarak 365 egun jardunaldiak n 
for	oporrak behar ditut baina ez ditut gabonak nahi
inf	miyesssskerrrr guapi erregek portatuyaa o biharrarte jejeee muaaaaaa
for	ez gaudela erdi aroan egutegiak dio ta erregeak zer dio txanponetatik kanpo 
for	gaur 1930ean gure sor lekuaren bila dokumentalaren proiekzioa herrerako ken 
for	duin ta gazte kalean aske
for	gaur zortzi ordu honetan mari jaia agertuko da arriaga antzokiko balkoian unea berriz bizitzeko irrikitan 
inf	eneko nere lagun bat jajaja
inf	nun nagon zerbait behar badezu
inf	basurton abre noz hartzen doztien
for	gizarte zibilak parte hartzea da bake justu baterako bidea 
inf	azken egunak tiketak erosteko ultimos doas para comprar los tikets que no se te pase gora jai herrikoiak 
inf	berriz lehengusinaren etxera gazte egiteras
for	haiek ere argi zeukaten gu engainatu nahiean ibili dira 
inf	urteberri on antigua alde hortan ederki pasau gaua elgoibarren gazte
inf	gaur ordu bat bakarrik ein dot gimnasixuen baina agotau ein doztir
for	bere ezpainen umela soilik desio dutela
inf	rekin trago bat hartzen izar en jeje 
for	adi gaur arratsaldean aldaketak egingo ditu a3333 a3336 eta a3338 lineatan 
for	aske sentitu aske izateko mundu zoro hontan zoro ederrena naizelako
for	ba al da osorik euskaraz idatzitako tesien zifrarik kuriositatea
inf	zorionakk oso ondo pasa alemanian
inf	hibaika ta san juan indartsuuu hurrengo igandea bero dator 
inf	1315 gutxii faltaa zaitt porfiiin
inf	zuen 6 yamada perdidakin esnatzeak ilusioa iteu baioixe ajajajaj
for	bihar hitzordua euskara berdintasuna hezkuntza eta kirolarekin 
for	ikaragarria atzo bilbon bizi izan zena eta gabarrarik gabe hurrengoan gabarrarekin ea zer nolako giroa sortzen den 
inf	amaman etxien jaten hasteko prest
for	ikasketak ahaztu eta farra on bat botatzeko aitzakirik enun falta 
for	hara nere ametsetako etxea handitzen naizenerako gordea
for	guztiaren amaieran beti ilargia ateratzen da 
inf	partido oso ona mutilak grande ekipo
for	gurasotasun feministaren inguruko baliabide bila laguntzerik looking for references about feminist parenthood 
for	parisniza kinielan nire lagunkolega guztiak sartu ditut tartean voeckler xelebrea ez dut erremediorik 
for	eurak eurek etab goierrin behintzat esaten da
inf	ni mourinho ixanda higuain barrure eta altintop kalea p
inf	manana semis de copa eh anorgareal zatoz bihar azpeitira hemen duzue atzoko argazki polit bat 
inf	pistinara jun biko da honekaz txikixeekaz no hay tiempo que perder
inf	no jodas tuenti berrie mobilleako por kojones jetxi bearra dela
inf	ouuuu ze pena ea beste zerbait bururatzen zaidan
inf	sorberte al caba gosue hartu dot nik untze
inf	bestetik la muerte cae del cielo jajajaja eso si barkamena ez degu eskatu behar aunque demos el pesame familiei 
for	andoni jartzea bakarrik falta da 
for	euskara dugu euskaldunak gara barruan daukagunaren islada
inf	ez dekot gogorik inglesera jueteko
inf	hasiko naiz ba liburuakin itxura ona daka beintzat
inf	de momento 3 puntu ikasitze gero beste bat y salgo 
inf	eskeerrik asko baiii ostiralean gauz musuuuhandi 
inf	egun puta guztietan beldurrari ihesean 
for	miren zabaleta sonia jacinto eta arkaitz rodriguez aske geratuko dirazigorra osorik beteta 
inf	pobriaren suertia bilintx by via 
for	ta isiltzen banaiz ez da hitzik ez dudalako
inf	3ren barrun iuel bn ganador ez neretzatostia bn el hombre del piano attutepuuufffaaa
inf	nik bai etzaitudala ezer maite txotxola
inf	ze gertatzek salbiden baya mobida
for	goizero zurekin esnatu eta belarrira esan nik aire izan nahi dut 
inf	nire lehenengo laguna izan zinen eta hemen jarraitzen dugu urte askotarako txiiiki mi fiel 
for	eta gaur presente auzoan ren eskutik eskerrik asko 
for	hain eder ikusten zuen bere burua hain eder bere dniko argazkian inspiratuta masturbatzen zela 
for	hau da vs lehenengoa zergatik hobetsi ios behar berezi gabe erabilita eta kontraesanean erori gabe
inf	eskerrik asko guapo muxu handiiii
for	optimizadore bila nabil ez mobilerako niretzako baizik 24 orduak ondo zukutzeko antivirusa balu hobe katarro txarrik ez harrapatzeko
for	bihar kantu berria blogean enkarguz egina euskal herrian euskaraz
for	enorme zure memoria arrazoia duzu lombardiarekin ez nintzen ni gogoratzen iazko giroan ere contadorri jaisten eraso zion
for	debate hori entzuten nahiko nuke eon zu interprete noski
for	egun ilunak koloreztatzekohemen zaudete lagunak betidanik izan ez bada betirako izan dadila 
inf	ikaragarriajuernes toury ardi n kasaaisssprioridadesathletic beti zurekin
for	zaindu maite duzun hori sanduzelaiko eskolak gurekin etorri abesten du 
for	gaur ere kataluniako independentziaren aldeko ekitaldiz betea dator eguna karpan animatu eta hurbildu 
inf	albardatua sofan gorka maneiro ikusten buffff beldurre txo
inf	besarkada eta musu handizenak berarentzako merezi dauzelako eta osatu daiten lasai egon eta dana ondo 
for	deskantsatzen amara berriren aurkako parridu ondoren 70 irabazita 4 3 ta bestea 4tik 4 irabaziak
for	eta nola nola eutsi argazki eder hau sarean zabaltzeko tentazioari 
for	amesteko ez da lo egin beharrik futbol 
inf	yaa zubietaak ondoo aguantatzen du urarekin zuek bihar berion komeriak
for	irabazi edo galdu beti zuekin noa alde egin edo geratu beti nire barnean beti harro zuetaz 
inf	anoetan zurigorriak beti dira zurigorriak jejeje a ver un buen partido supongo 
inf	zurekin bizi ditudan momentu on guzti haiengatik ez dakiit ze ingo neban nik zugabe ez aldatu inoiz 
for	eta bihar beldurrik gabe esnatuko bagina gabon 
for	minduta egon arren aurrera egitea nahiz eta zoruan egon altxatzea nahiz eta bakarrik egon bideari ekitea aurkituko dut bidelagunen bat
for	miguel angel revilla loiolako erriberako danborradan erabili ohi dugun uniforme ofizialarekin txinoetako zirarekin alegia 
inf	zorionak ion izagirre bufff itzela
for	ekainak 9 etxebarriko jaietan disko festa ekin 
inf	eztait tipo mierdabat ateazait ta ezdia lagatzen kontestatzen
inf	kontuz igual autobusa bolkau itten dala eta geo partidua ikusi bail geaketan zarein broma benga agur
inf	urteaskuan gazte earki pasa t disfrutatu
inf	te la dejare y la pruebasssbueno lotaa noa biehr toka kurrarzaindu ta ia mine pasetan jatzunta a entrenar atopemosuondo loo
inf	zelako majuek dien gurasuek misarbera kotxien eruten doztiela
inf	me ha gustado un video de de dantza zati bat mungian gibelurdinek
for	kutxako batzar nagusian bank sorreraren bozkatzeko 
for	egun borobila mila esker zoriondu nauzuen guztioi gabon 
for	partidu on bat ikusteko ala hil jo ta ke guazen mutilak
for	berri txarrak poligrafo bakarra berri txarrak 
inf	ostiralarte bajan eotia es muuui mal 
for	baina gure herri ederrean barrabarra ditugu festa ta humorea 
for	harpidetza eredu berria abian jarri dute informatu herrigintzatik eta egin ekarpena 
for	dudarik gabe hamaika min dira oraindik lanbropean laster kalean haize ufadatxo bat lanbroa altxa dadin 
for	harremana ez da pertsona perfektuak elkartzea baizik besteren argia eta itzalak onartzea
for	auzolotsaren egunean folkcorek kontzertua emango du orioko txalupa tabernan atzetik djlizarriturri doktorea eta dj elektropena azaldu
for	erabakitzeko eskubideanparean daude menderatuta segitzearen eta askatasuna lortzearen aukeraez al da mendekotasun egoera bera ukatzea
for	gurea euskal errepublika askea delako eta ez monarkia
for	martxan dago kirol web gune berria sport trend trotters 
for	egun ederra eskerrik asko guztioi 
for	bale bale eta zer da karisma
inf	ta zelan ein behar zan bestelabarematuzze eperakolotsagarria errua botatzea zuek ez dozuenean ezer egiten
for	ez zidaten ezagutzen baina momentuan esango nion hori gustura bururatu ez ordea
inf	gab laztanak nire partez ondo ein lo 
inf	gauur tokatzeen da gooazen leheenengoo finaalaa
for	nire zauria sendatuko dute biharko zure malkoek
inf	iiieeeieeee enekila ek twitter zekala jajajajja
inf	zozo zuria espeziea ikusi ei dabe gaur goizean sanduzelain maite ditut maite gure bazterrak 
inf	kafetxo bat korrika egiten hasi baino lehenago ea zelan doan aspaldiko partez oina portatzea 
inf	atzoko gaua igerilekun ur termaletan eta gimnasioan bukauta gaur ondo
for	gure berri onak haien berri txarrak direlako gure ametsak haien ametsgaizto direlako 
inf	milesker maitia baibai itxoin inbarkozu morenas bakizu trankilamnt xd alared bakizu ni zugabe enaizela jung prim t matteautela
inf	ba atsaldea lenguajeko txostenai pegatuta pasa beharkoa
inf	ejem ejem goizetik joateko beste gogo
inf	animo eee sendatu ari bizkor
inf	bueno bueno hemen kurtso guztixe aguantetzuena ni izenaz e el merito es mio 
for	noiz itzuliko zara galdetzen diot gaur nere buruari
inf	egun osoa zuekin gogoratu naiz pozten naiz primeran pasatu izana argazkiek berdina adierazten dute ji
inf	mundu guztie enteatu zala mundun daon pertxonaik obena dela l
inf	gogoratuuuu biyarr ostiraaa ke ganas de puente 
for	irabazleak zaretela dudarik ez dago espanol hauek lapurtu behar dute garaipena bestela inork ez du euskal selekzia irabaziko animo neskak
for	el caso farewelletb2 sobiet batasunaren inguruko film ederra
inf	ez dakit egun onak emateak pena merezi duen ze ostia
inf	garrek zek moxkor dakan banaaaaaaaaaa
inf	arratsalde ear bat pasata etxen
inf	kin kotxian arasera juten k ganas
inf	holako gau asko dekoguzelako eurretik oninoo 
inf	ueueue jajaja enitzan ai ezertaz enteratzen naezuenian
inf	zorionaaak pitxin felices 15 todo dicho y eso asko maite zaitutt maitiee 
inf	eskerrikasko ibonbai jungo naiz kanpamentua
inf	91 irabazi ondo ekipo ondo jolastua ola segui behar degu
inf	isilik egoteak balio duena bidez
inf	armosau eta gero prestetan hasiko naz
inf	falta carrolli akaso hirugarren partiduan zai ia bost partiduta jutean halare harritu nau 23 batek zenbateko mina in diyon madridei
for	igoerako lehian jarraitzeko gaurko hiru puntuen bila martutenelizeo 
for	bihurri aurpegi horrek salatzen zaitu 
for	jendetzaren artean begiradak trukatu zituzten besterik ez ederra izan zen
for	portzierto bihar realak jokatuko du kar egun on
inf	ostiralaaaaaaaaaa egun ederra bagerakidea izateko zatoz 
inf	berdinetan nagok ezin ados egon beste kontua huke iosa behar bereziengatik erabiltzea librezalea izanda eta besterik ezean
for	emaitza bikaina edozein modutan polita podiumean egotea gero
for	amets egiteko beti prest gabon
for	eragin hegoei eta gozatu hegaldi bakoitza azkena bailitzan
for	lekukoa eramatea hunkigarria bai gustora egon ginela eskerrik asko 
for	kate guztien artetik inoiz amestu bako lurretara 
for	30 segunduko bideo laburlaburrak ikasleekin eginak on egin
for	zorionak bihar han izango gara eztarria urratu arte 
for	intxaurrondoko katalunia txikian ere bozkatu nahi dugu 
inf	azkenean asi dia san ferminak 
for	tourraren historiari buruzko dokumentala oraintxe la2 katean en garaiaren berri ematen 
for	lasai irantzu ez da naomi bezalakua
for	etorkizuna nondik joango den ezin jakin zaila zen instagramen arrakasta aurreikustea edo agian urte batzuetan facebook desager daiteke 
inf	en zain buzoneua itxekooo pff vaya puta basuraa
inf	ez kezkatu bizitzaren aldeko liburua da la vida debe vivirse hasta q no pueda vivirse mas
for	dago whatsapp baita sistema euskaraz dugunok telegram librea da ios eta whatsapp ez
for	lekuen inguruan lekuekiko eta lekutarrekiko ditugun harremanen inguruan beste hainbaten artean 
for	maitasuna norengana zuzendu aukeratzen saiatzen ona benetan asier beramendiren posta n 
for	inorantea izango naiz baina ez dakit ezertxo ere mandelari buruz entzundako zeozer bai baina ez ikono moduan edukitzeko bakarra al naiz
inf	mila esker eta ikusiko gera laister
inf	egune o do hasteko lanean neure lankidea agertu barik mobila jausi ta pantaila txikitu ta oin beste lanera
for	bilbon ko castinga egin da eta nik jakin ez zuetako inork egin al du edota parte hartu duen ezagunik ba al du
inf	gau politze nire txikitxuekaz berri ezin hobeto pa repetir e neskak oin ia xfin lotara nuen 
for	astindu hegoak begi eta bihotzak ez daukate lain
inf	nik bai maiteizutelaa mi niniohhhhhhhh jajajaj 
inf	baa oso repetitibie zeala jajaja zenbat ufaa jaja
inf	ta bi badia obeto ajjaja
inf	ze gogoa daukaten rekok donostiko kanpusen ekitaldiren bat egiteko
inf	gabon maite maite maitea urko 
inf	zoooorionakkk nire txikitzueri handize eiten iatala osoosooso ondo paseu eta inork bez fastidietie handi bat
for	3 egun besterik ez izarrak plazara talentu lehiaketan izena emateko animatu eta parte hartu 
for	uciren araudi berriak ez omen luke ahalbidetuko puntako txirrindulariak proba apaletan aritzeaniknibali ordizin ikusi nahi dut
for	berriro errepikatu beharrekoa aste onetako beste arratsalde batean
inf	amaitzen ari da azken eguna erezenbat akordatuko naizen zuetazeskerrik bero eta goxoena pittin
inf	bai jauna zullek irabazi zuen eta besteak beste eugeni berzin ere lehiatu zen
for	berak esango lukeen bezela argi dago
for	hala ere ez nago ados baina tira ukaezina da ez dela haien une hoberena
inf	gaueko ordu hautan eukitzea daon situazioik hobena 
inf	lasai nere mobiya osondo dau zure grabazio bat gabe obeto ta dena esangonuke jajajajjaja
for	ze ona eta erreala artikulua via 
inf	zmz eotek klasenta gn aurikularripe 
inf	ke sobrau xabi uste genun errealea bueltatuko zinala emengo jendea pozteko bano ez an geatu zea 
inf	gangnam style nahikua dantzatuta bi ordu terdi lotako 9tan karela dana lixto uztea larunbateako 
for	altxatu arnastu irribarre egin eta aurrera jarraitu nahi duzunagatik borrokatzen baduzu azkenean lortuko duzu
for	jendeak nahi duena esango du baina niretzat woody allen zinearen handietako bat da
for	bihar eta etzi beasainen bazabiltzate ziklismo gose mirentxu liburu dendan duzue en liburua eta ordiziko mujikan ere bai 
for	badirudi aurten ere kolonbiarra ondo ibiliko dela ezta
inf	gauza bat esan gurotzut ez emon enbidiarik nik ikesi ein bier dotela finaletarako
inf	eskerrik asko prima emungotzut buelta bat eunen baten jejej
inf	aaixzelako burugogorra zaaan baaina igual iguual beti zare or irribarre bat ateratzeko 
inf	ikasi bihar duan jendiantzat rekomendautaikusi ze musikota 
inf	goize entrenatzeko aprobetxaute arratsaldin relaxxx
for	bere taldean ez dira damutuko fitxatu izanaz
for	ez duzu aukeratu nik ere ez zuk ez dakizu nik bai barnean ezkutatuta daukadan hotzikara 
inf	bueno ba zozer afaldu oztien madriletik gelara zozer ein eta ogera
for	mateo rabottinik 2011eko giroan puritori irabazi 
for	gaur ere bai eta atzo eta bihar eta etzi eta etzidamu eta 
inf	bazan ordue olako tweet orijinal bat letzeko bejon deizula ianire 
inf	pa san juan de gaztelugatxe
inf	ondo zaude maitia joe ne jefa ematenzuhonen kasun mahaiai ta dana jotzenyo xd
inf	bi azkottiar da zestuar bat ingleseko lana etten urola bailaran badek nibelaaa
for	zenbat besarkada falta dira une askotan 
for	iazko tourrean nire kinielan zegoen sepulveda etapa garaile argentinan kotxe batean sartu eta kaleratu zutela gogoratzen 
inf	ya interrail pff ni fundamento ni nada nik datorren urteako utziko nuke
for	gaur telebistan entzunda denok martetik gatoz hortaz martzianoak gara beno nire ustez batzuk beste batzuk baino martzianoagoak dira
inf	nahi baino gutxiau ikasitxa gero zarautzerafutbolian ez dakit ingoun baina busti fijo 
for	bi egun izatera pasa parte hartze arau herrikoiagoekin eta arrakasta100dik gora talde eta 477 jokalari 
for	tabernetako komunak eta erabiltzaileak klasikoak modernoak eta apurtzaileak via 
inf	entrenamendu txarra ta orain lehengusinarekin azkenengo errepasoaematera euskara ta mate bihar gainditzeko
inf	ikusizu banderazua jajajaja gangnam style
inf	ustenun amets bat zala bano oaintxe konturau naiz atzo benetan galdu nula mobila
inf	autoeskolara puxkat aber ke se kueze
for	nire paper guztiekin su handiagoa egingo nuke
inf	eta niii txoria nuen maiteee
inf	ni biar ze ordutan jekiko naiz mmmmmmm 1100 o ola jijiji
for	gutxi batzuek dena eman behar ez dezaten denok eman behar dugu zerbait 
for	atzera begiratu aurrera joan ahal izateko
for	ekhine rivas txirrindulari lezoarrak euskadiko eskolarteko jokoak irabazi ditu donostian 
inf	joder kriston buruko mine eitzezte beroak eta gazte ikasibiot 
inf	aupa roma sorte on txapeldun 
for	2 futbolari men egiten dion neurria beste kirol azpiegitura batzuk egitea eta daudenak eustea ez al da ba hobea
for	gero eta argudio gehiago independentzia aldarrikatzeko estatu zapaltzaile honetatik ihes egiteko goazen 
for	hori gezur hutsa da diskurtso hori xix mendeko eajrena da
for	ama hizkuntzen nazioarteko eguna herenegun ez nau hain konekaktuta egunean bertan zeozer jartzeko baina 
for	barrukoen deia jaso dugu valladoliden dena entzuten dute borrokan jarraitzeko ta gainera animoak bidaltzen dizkigute
for	simu fratelli anaiak gara circhemu a strada askatasunera entzuten da korsikan 
for	ihes egin nahi nuke ta ez galdetu zergatik
for	aska ditzagun bihotzak idatziz atal berri bat 
for	arbuioko la guiako jaiak gaur gauean eskutik 2300tatik aurrera anima zaitezte
inf	bihar urtia bukatzeaa ze azkar pasatzean denbora 
for	kaixo pena aukera ezazue lehian taldeak jaietan joko duen hurrengo abestia aukeratutako 
inf	si esque gehiegi matteyot bobontzio horrei
inf	oain bihar entrenarako motxila prestatzia 
inf	3 ordu eta erdi bizikletan ibili ta gero etxien
inf	hiru egun de deskoneksion ongi torri naute
inf	atzoko bat behar genun ek ta nikm o r t a l a
inf	gabi eztezu pillatu asieran ta oain pillatuzula esandezu broma zala taa bano ezautzegeaa
for	ta zure gogoz gelditu nintzen
for	ez nazazu hainbeste jarri eta jar zaitez nirekin jar diezaiogun gorputza martxan elkarri eta elkarrekin
for	beharrezkoa da borrokatu egin behar dugu aurrera
inf	zurine emon zure movilleko numero oso guapi zara zurekin berba egiteko movilletik
inf	sin moron jeje sala sonora bilbao 
inf	dena gaizki ateatze zait gaur
for	eta ordubete barru inauteria gizakia naturaren kontra liburuaren aurkezpena n edu zabalarekin 
for	segik zioen bezala roskoaren antzekoa da borroka edozein puntutan hasi daiteke baina ez da 
inf	siesta eder bat bota ir etalaster jasten hasi bierko naz
for	euriari aurre eginez emakumea gaia mintzagai gaurko mintzodromoan an 
inf	etzaiz motibau inglesezz ee nunez
inf	yaya jajajaja aupa charly sartuko du buruz ta ilarrak ez du sartuko
inf	aramaiko udalari esker kiroldegia beterik eta ikuskizun borobila el mejor homenaje para comprobar que existe cantera eskerrik asko danori 
inf	bale bale baino ez dezatela pentsa hau ikusten duten espainolek eaj komunista zenik 
inf	gaur kursilloko azken egunamerendolan potolak jartzea jajjajajaja
inf	gaurko programa oso potente dator galdu ezina2115 aldera etb1en 
inf	nun sartu za ez dotzut ikusten
inf	arratiko eurrreeeeeeee haundie aiz aitzol nere idoluaaaa
inf	gaur zornotzan etxeko karrerie begixek itxite eingo naban karrerie hoy la carrera de casa en amorebieta
for	desfileko fotoak ikusi ta barre batzuk bota 
for	eta askoz gehiago porrotx erromeria gidatua euskal musika bertsolariak eta glosadoreak diablesak 
inf	olako konbertsazio gehio euki beharko nitun 
for	27zapata ez nekatu gehiago ama 
inf	jaajaajj betebetean aamatu duzu aurpegiarekin beraa daa
for	herri baten independentzia ez da okupazioerregimen baten peko erreferendumetan eskuratzenargi geldituko al da behingozez da hori bidea
for	protokoloa eredu gisa aurkeztu du budapesten 
for	ez utzi malkoak ezpainetara iristen
for	aingeruek ere betetzen dituzte urteak 
inf	egunoooon praktika de coche y a 
for	ametsak zirriborro baten idaztea zer da gero garbira pasatzeko astirik ez bada
for	lehen borrokagai zena orain apaindura baino ez da euskararen erabileraren gainbehera n 
inf	guk deku sasarea nos hemos tragau todo eurovision
inf	ekono ikasteak momentu hontan emateun porkuloa 
for	literatura loturak emanaldi literarioa urriak 9 1900 koldo mitxelena kulturunean 
inf	pues k errealak galdu indu beste batean izango da 
inf	gipuzkoan ere bai inoiz baino athleticzale handiagodenok batera bi kolore sentimendu bat athleeeeeetic
for	bihar asteartea arratsaldeko 7etan potxoenean hauteskundeen inguruko batzar irekia balantzea hautagaiakanimatu 
inf	ta txorrada horren gatik aukaten rrayada
inf	mate piskat ikesi eta kalera 
for	sinatu euskararen alde egin zuen lanarengatik txillardegi izena jartzea donostiako liburutegi nagusiari 
inf	zoriooonaaak al gran ondo pasaau egunaa ta haber gero gauzen benga krak
for	eskerrik asko egiten duzuen lanagatik
inf	amaitu dogu pistako 20142015 denboraldiko munduko kopie atzo azkenien taldekako jazarpen proban seigarren postuen amaitu ginun 13
for	protokoloak jaso dituen hizkuntza eskubideen deklarazio unibertsalarekin lotutako 11 printzipioak nabarmenduta gaurko egunkarian 
for	evansek andyri erlojupekoan 40 segundo baino gehiago ez dizkiola aterakoan nago maillota parisen andyrentzat 
inf	bixer laneray ke no falte
for	ikusgai duzue bidankozen grabatutako lip duba euskararen alde nafarroan 
for	guztira 102000 banatuko ditu urtarrilean den denak euskal herrian tokatuko dira 
for	niri azken esaldiak arrautzak jatearenaen fin hala ere eskertzekoa da kirolean argi hitz egiten dutenak irakurtzea
inf	ta aurten fubolen historian eondan entrenadoreik onena retiratzea 
for	galdera da nondik hasi interpretatzen opari hau
inf	hurrengo partidon hire porterin sartzak ola ospatu ingo deu
inf	zorionaaak ondondo pasa egunaaa d
for	zenbatetan izan dugun gure barrua etsai eta zenbatetan galdu dugun gure kontra
inf	ea egia den aupa athletic
inf	ze ondo sartu date oin dutxatxu baat 
for	gaur eta biok taula gainean sarreren zozketa egingo dugu esker adi
inf	ni lenuo axek bno ezemat ataek
for	nafar estatuaren historia viiixvi mendeak euskarazko ikastaroan izena emateko azken egunak 
for	gauzak batzuetan ez dira nahi bezala ateratzen 
inf	ren mezuk deialdikwatxapak twitterak egun osoa alaitzen ditea
for	milesker ederra joan zen hitzaldia plazer hutsa
inf	eso esta echo makinaaaaa burua gora eta egurreee bai bai ee aste barruan ingu berba hi zaindu eta ondo pasaaaa
for	bai bai badakit gaur bezelako egun baten ezinezkoa dela ren inguruan ez hitz egitea baina
inf	zelako parejie nere kontu lehenengo trague
inf	hamen mfn adi doan bakarra ni naiz asik dejar d molestarme en klase kroa kroa kroa
for	jende zoriontsua herri libre batean dinamikaren aurkezpena auzoan osteguna1930 auzo lokala zergatik ez
for	distantziak ala mugagatik iruditzen zaizkigu handiagoak distantziak k n 
for	hala ere jendea egongo zen kritikatzen montanier errezena entrenatzailea kritikatzea da bere kulpa delako eta ez jokalariena ja
for	momentu txarrenetan irribarre bat atera 
for	download full text egin eta gero irakurtzeko momentuaren bila
for	atzo eta gaur oraingoz sutan eta ren arteko partidaren ingurukoekin amaituko da mesedez 
for	lehiaketaren azkenengo astean sartu gara europako hiriburu batera 4 lagunentzako bidaia irabazteko azken aukera 
inf	ekipoko bilera eta bazkaria gaur ea nola dijoan eguna eguraldiak behintzat laguntzen du aupa atletiko san sebastian rugby
inf	zorionak ondo pasa disfrutau eguna
inf	partitik irten berri aman zain etxera juteko ta gazteko lana itxera
inf	zorionakkk oso ondo bukatuu egunaa
for	bihar azkenengo azterketa eta klase eguna praktikak gutxi barru
inf	iguaaal bixori zaindu biakodozkuee deskuidau ezkero ajaj
inf	hemen ezin da asko disfrutau hondartzataz jajaj 
for	santi eta josu egia bide askatasuna amets 
inf	egun on bon mati ostirala jada 
inf	udako jaiak nahiiii dituuuut nire amoreekin 
for	azken finean gizaki hutsak gara
for	1217 ute dituzu izarrak plazara talentu lehiaketan parte hartzeko izen ematea zabalik hona hemen k igorritako mezua izena eman 
inf	zu bai zarela txapelduna muxu handi bat
for	horrelako egoeretan ikusten da auzo baten indarra 
for	porrotx jada zuen zai dago intxaurrondo ikastolan 1730tan kalejira sagastiederrera 
inf	gure itxeko landara ez da gehio belerik hurbilduko narbarte 
for	bera berako jokalarien partez mila esker argazkiarengatik 
inf	autentiko beleeeen aierrrathletik beti surrekin
for	eskerrik asko argazkiagatik herritar askok nahita edo nahi gabe ezin ikusi
for	animo tolosako jokalariaren familia eta lagunei 
inf	dulce locura tu mi droga mas dura zorionak pitxin txikitatik elkarrekin zaharrak izan arte 
inf	nooooo berandu irakurrita bada ere biharko emango digu indarra zure mezuak
inf	personajia dala nerea eman muxu bat nere partez
for	33 gasteizen 2007an galdutako partidarekin 12 txuriurdinak aurretik zihoazen kotxeko irratia itzali nuenean 5 minutu geroago 32
for	ez dago zerurik ezta paradisurik ez zuretzat ez niretzat
inf	jajajaj zerena izan dezu aer zortiaa dezuun xddd
inf	12 ni al naiz jajaj
inf	zuke instrumentun bat jotze al dezu ba igual beste kame bat izangoa bano
inf	gaurko entsaio bukauta bazen ordua etxera heltzeko ordu hauetan afaltzea ez da ona ttek
inf	han ezaguna itten xaten fabrika baten egon dia etbko atsuak
for	mila titular post bakarrean bilduta titularrak emateko makina da eguiguren 
for	noizean behin barre egin bakoitzak bere ikarak gordetzen ditu berekin gabon 
for	1000etatik 1100etara munduko emakume artisten artelanak hizketagai ko 
inf	baa klaroo gaur ikusiko gaalaa trago bat o zeoze artukou batera ez
for	eitb ko gaur egun nazka ematen
inf	badakizu bixartik aurrea deban kriston juerga eongoalaoporton bano haundixaua jejejejeje
for	gatzagaetxebarriak dionez 2013an eta 2014an lanpostuak suntsituko dira eajk ahtko lanak eta erraustegikoak egin nahi ditu 
inf	justu gaur ezttiat gosaldu bano amak iya merendola bat sartu ziak motxilan jajjaaa
for	gaur partidua arratsaldeko 6retan zestoan 
for	mundua ikusi nahi dut baina zure ohetik
inf	barcak kopi irabazizkun eunin florenek urteban esaten presi ixule portadetan ez agertzeko barca
for	oinutsik musika doble sentitzen delako 
for	san pedro estropadako irabazlea bigarren hondarribi hirugarren orio era laugarren san juan
inf	eskerrik asko eta bai ez ziok erraza pantailak banatzen baina bueno nik euiko berkoixkit ba pribilejio batzuk
inf	txapelketa ta gero ek sinatutako kamiseta bat jasotiak ez dauko prezixoik milaaa 
inf	naomi esaiozu ba txurruri sentitzezun guztie modu bakarra da ireki zaitez saiatzen ebazea eduzu jakingo 
inf	adibide bikaina askorentzat erakutsi zuen ingurukoei buen ejemplo para muchos ensenadlo en vuestro entorno 
inf	34 resultau on etxeko 15 partido birau realak 
for	egunero herrialde katalanetako eta euskal herriko garagardo artisauak ardoak eta jatekoak izango ditugu 
for	gaur gaueko 2230etan eitb 1ean egongo naiz zuzenean donostiako suekin batera hoy 
inf	zoorionak oso ondo paasa zure egunean polita muuxu pila 
inf	hi ze pentsatok ba eeklaro baietz etxeko bistak jajajaaj lekitxon eurixe bakarrik da
inf	alaa bixeer euskerako azterketie osakee a deskansaar bixeraaarte
inf	ba oin ez dakit zer ein
inf	ze siesta botadeun ta nik bana
inf	buenoba jeiki ta mendi aldea jungo gea bueltabat ematea kin
for	lotxa gutxi ordu hauetan esnatzen 
inf	aspertua gainea ezdago ezer telebistan
inf	buenoba bueltabat ematea aurkiaber batenbat enganatzeten nei launtzekojajaja
inf	oso pozik spiuk profit berriekin muy contento con las nuevas spiuk profit eskerrik asko 
inf	faltan izango zea suerte compi 
for	ikasturtea hasi da ikasleek euren burua aurkeztu dute mundura hona bat ederra laster gehiago
for	eskerrik asko bidalitako mezu bakoitzagatik guri eskaintzen diguzuen arretagatik eta zuen poztasun 
inf	eskerrik adko bixa ongi pasa zure eune 
inf	rutiakin jarraitzeko nre etxetik pasauko balitz be ezlitzake gaixki egongoo ajjaja
for	perezek kriston erakustaldia eman du gaurkoan baietz finalera heldu 
for	alabak hiru urte bete eta telazko gaztelu bat eta printzesa mozorro arros bat oparitzeaesanezamak ez lizuke sekula oparituko eta 12
inf	2130tan inagurazioa ta partida 2230tan ola
for	gorroto ditut gorroto gorrotoz soilik bizi direnak eta maite maitasunez dena ematera iritsi direnak
for	afaldu ondoren kiroletako boltsa prestatzen
inf	udan gauzela emoten deu jajajajaja
for	izen ematea zabalik euskaraz hitz egiteko ohitura duten pertsonak eta mintzapraktika egin nahi dutenak biltzeko programa 
inf	de jong mesedez ehh jajaj bai bai barry eta batez eree toureee indartsuaa aizu nik ere badut kalidadeaa ehh piskak jaja
for	ez dut halakorik uste ez dut zure iritzia partekatzen
inf	laster lokartu ein bier naz
inf	eguunon denboraldiaren azken partiduua finaal bateean jokatuu goazeen urdinaak
for	aupa garaipenaren bila joan behar gara animo ezer ez izatea garaipena berari eskeintzera
inf	gonzalo arconada da horren erruduna gbcn kriston lana intzun baita oso prentsa arduradun ona jatorra ta detallista crack bat
for	gaur grabatzen aritu gara egunotan jardunaldiko hizkariak aurkezten joango gara 
for	zutik emakumeak hautsi gure kateak zutik zutik zutik euskal herria feminista eraiki
inf	aer gola iristen dan ya 
for	erre zenituzten sorginen oinordeak gara gu erre zenituzten sorginen erratzak guk dauzkagu erre zenituzten sorginen arina ez da galdu erre zenituzten sorginen irrifarra gara gu 
inf	oskarakukai dantza taldea en azpeitia 
inf	ze katarroa hartu eten atzo amai kaso ez iteatik
inf	gaur bermeon karreriegogo askokin gauzak ondo eiteko ta urtie ondo amaitzeko
for	gu oraindik diputazioan burua areatzan delarik 
inf	ai aii fisikako azterketan 76 ata diat 
inf	ya tolosa juteko gogok aumentatzen 
for	27 itaka inoizko aberri urruna soilik izan ez dadin sktren kantu zahar bat garai zerri hauetarako zuzenduta
for	eguzkitsu eta goiza lasai hernaniko santa barbara urdina eta donostialdean ostarte 
inf	lau pareta artetik kanporako bai gainantzean ez
inf	zelan da nire lagune gorantxixak neure partez nire lagunai
for	upv off atea itxi eta ikasleak baino gehiago ikasi izanaren sentsazioa
for	larunbatean 18etan zuloaga plazan bisita gidatua marga berra zubietarekin 
for	euskal herrian euskaraz nahi dugu bizi eta jolas
for	saio horretan komunean youtubeko bideoak jartzen dituzte tarteka segundo batzuz zure iragarkia egon da pantailan 
for	ta distantzia ez da muga izango gure artekoa hausteko
for	azken 30 urteotako bilakaera soziolinguistikoa zugandik inoiz baino hurbilago 
inf	lasarteko udaletxeak puticluba emateu jajajajajaja 
inf	6orain bai zuen birtxioak behar ditugu retuit please 
for	sarean egiten duzun lana ikusgarriagoa egin nahi al duzu izan ikusgarria 
inf	gaur konturatu naz zergaitik foro d ermuakoak eta manos limpiasekoakak diran hain ilunak ze gaizki bizi den guardasol 1n azpian 
for	itxaropen hitzek ez dute balio zu berriz sentitzeko 
for	gaur miarritzen 4sasuak ikuskizuna sonorizatzen 
inf	a ze rekuerduk sa ikusiez kontzertu zoragarrixe
inf	zooorixonakkk againnn guapisimaaa osooso ondo paseu da aber ikusten dotzudan muuusu erraldoia disfrutauuuu 
for	pentsatzeak ez zaitu nire ondora itzultzen
inf	bale ondo da ezin da sammames barruan erre lagaiguzue beintzat kalera urten ta berriz sartzia mesedezez dou asko eskatzen 
inf	aupa reala aurten championsak txapela daka
inf	gaba alaitzeko fito entzungo dot
for	gazte ez gelditu gora begira hitza eta ekintza bihotza ala heriotza
for	mungiako dantza zati baterako entsaioa 
for	hona izarrak plazara talentu lehiaketarako finalistak zorionak 
for	haien arazoa gurea bihurtu nahi dutenean edo
for	borova carbono 14 disko berriaren aurkezpena aurrenekoz gipuzkoan 2011528 landare orereta 
for	ez hezi bai ikasi ta lanerako bizi kontsumismoak gaitu osorik irentsi 
inf	bihar zazpi terditan gora y yo me muerooooooo
for	astroekin dantzan gurutzatu dira gure orbitak eta gure begiradak
for	presta zaitezte konturatzerako denboraldiko lehen kiniela egiten ariko gara erne rekin eta erne nirekin 
inf	espero notiziak arrasatera eltzia ajajja
for	trialsinek irudi ikusgarriak utzi ohi ditu 
for	ez betidanik baina bai betirako 
inf	dutxa lasai bat oaindikan t geyo relajatzeko
for	denbora txarrari aurpegi ona jartzen badakit bahia de la kontxa 
inf	maguek ikusiez etb1en hori abilidadie hori
inf	eskerrik asko argazkik guri ite eztixkiguen bitarten baleko gaituk
for	afariko panorama amona sasijakintsu baten bakarrizketa entzuten laburtuz emakumeok pasatzen ai gea ez degulako gizonen aurrean ceditzen
for	aurten bai eibar lehengo mailara 
inf	aitatxu zinera due eta ni bakarrik etxien
for	ta bai beste behin ikusikoet amanecer ta enaiz nekatuko
for	batez ere falta diren hoiena
inf	ze gustora egoten dan ohien oin dala 15 esnatu naz baina ezin naz altzau
inf	nitzat esan eitze amaitzen jutwko tronu ze audientzixak berutz ixuzen da
for	27zapata ez dira egun asko falta eta gutuna olentzerori 
for	igeldok herri izatea lortu duen honetan ere deitu beharko da ba herri galdeketa 
for	ez dira betiko garai onenak 
for	audientzia nazionaletik sotora bidean gure 5 kideen bila 
inf	manana concierto con kontzertua bihar ganaaas gogoz betetaaa 
inf	gaur donosticupeko bigarren partidoa aber nola jutean
inf	dentistatik ateatzeko gogua t oaindik enauk sartu
inf	2 egun eta oporrak ondo irabazitakoak like a monkey 
for	betancur ez da aparte ibiliko ala bai 
inf	k abandonatu gaitu azken aldian dabil deskonocido txintxotxintxo
for	euskararen biziberritzea ez da arazo pedagogikoa soziologikoa o linguistikoa arazo politikoa baizik 
for	ren etxean jaten espagueti onak prestatu ditu ignacio jaunak 
inf	holako momentuk faltan zialaa amatxomaitiaaa 
inf	zorionak gurekin zelan portatu diren ikusita popatik hartzera lagunak bai baia leloak ez
for	hunkigarria tabuak ezabatu heriotzaz duintasunez eta maitasunez hitzegin heriotzak maitatzen ere irakasten digulako
inf	bueno jentuza oiea noa biar 7terdik aldea esnatu bear data 
inf	lilletik ere oihu bakarra aupa real
inf	pistinie bete bigu etxien dekoten iserdisegaz
for	esaidazu aurrera pausorik emango banu behar bada bizitzak zentzu bat izango luke 
for	ingalaterrako ospitaleetan lana egiteko c2 ingeles maila eskatzen dute bainan hauek zer nahi dute mediku onak ala ingelesa ongi hitzegiten dutenak 
for	niri are luzeagoa egingo zait hirugarren astea ezin naiz erretiratu egoitz adiskidearen gurpila ezin jarraitu 
inf	ea nz antolatzen dugun donostian ere urbano fest horterua 27 autobusarekin yeah 
inf	en grabaziok munduko onenak diee 
inf	zenbat negar ta zenbat min ta zenbat gau lo einbarik trilillioiaisldjd
inf	88 egun 3denboraldiaaa geroz ta gutxioo 
inf	milesker aizaneko lagunekin batera egina da 
inf	ek in dau ta watsapetik bidali doztaa
for	karmele jaioren artikulu itzela panpinak 
inf	ikusten itzela ta oso interesgarria izango zan moduko persona bat bertan elkarrizketatua izatea apuntate a sanjo para una entrevista un tio muy interesante y con un punto de vista interesante
for	ez dago lehor larunbatean guk argi daukagu 
inf	2018 urtea hasteko erarik hobena 
inf	buuua este ano ek arrasa con todo aupa neskak
for	kaierari buruz lanketa egin ostean 
for	une honetan gilbert nazioarteko tropeleko txirrindularirik onena da ados
for	inauteriak gaur da gure gaua 
for	sevilla ii kartzela berriberria da baina betibetikoa da zigorra presoak gurutz tartean gose greban hasteraino 
for	iratzargailuari minutuak lapurtzen egon ta gero ohetik altzatu bizikleta hartu eta olabideraino igo
for	ez dut uste nire nortasuna agertzeak asko eragin de nire ikastetxean ikasten duzu 
inf	ba eztakit zeer ein oin
inf	bihar iratzargailuak 630 joko du ea esnatzen naizen ta zerbait ikasi gaboon denoi
for	horrelako berri bat ez da atsegina inorentzat goian bego luisa
for	musika da batzen gaituen hizkuntza nola 
inf	ezabiz ondo ezpaza athletiku eztakixu zer dan
inf	gaur programan ikusi zaitut non eta komunean uiuiui
inf	psn zaunka baina ez du hozka egiten ejem
for	dauphine emango al du etbk dais la dauphine en etb
inf	alonsok erosi ta haize tunelean edo ibiliko ziran en plan f1
for	azaroaren 24an izena eta izana ezbaian gida praktikoaren solasaldia n 
inf	egun sensibletarako anari bezain hoberik ez dago
inf	ez dugu etsikojo ta ke irabazi arte athletik beti zurekin
inf	jajaja inoiz aldatu ezingo den gauza
for	elkarrizketa irakurtzeak adina interes edo gehiago du jendearen iruzkinak irakurtzeak 
inf	laster elkartuko gera izar alaiago batetan 
inf	azkan tuite ez azkanengoko tuite
for	bihar paella erraldoia acedotik zuzenean
inf	ez dao gauza okerroik gaizki sentiaraztea iteizutenin binon
inf	oso pozik irratixen entzutiegaitzik barriro eskerrik asko 
for	sorte on izan gaurko triatloian
for	eskola kiroleko txirrindularitza lasterketak hasi dira via 
for	tiraneko arraunlari bati entzun diot 22tako galizian egon behar zuela lan kontuengatik eta hala ere poz pozik ez zegoen triste
for	aesaten duzun hori funtsa egia izatea da inportanteenaa via 
inf	oso txarto goaz eta ez dakigu nora 
inf	zergaitik zagoz hain pozik nii ideeeaaa d 
inf	aupa leonas athletic ez da ezer pasetan la ostia egurre neskak egurre
for	hunkigarria 3 militante kurduen hileta herriaren indarra gora kurdistango herria ez du barkatuko
for	guztiz ados ederra kanpotik barrutik eta toki guztietatik 
inf	san mameseko kobertirie buenoo ya ezta ezer geratzen aupaa athletiic
inf	zorionak garaipen itzela segi holanik
inf	zorionak al crack de osondo pasa eta 
for	ta ez galdetu inoiz zer galdu genuen negar egin genuenean malko haiei esker orain itsasoa gara
inf	ooooooh biherko bazkariko itenal zintuen holako batzuk 
for	ara bada bai dena dela netanyahuri opariak ematea lotsagarria dela deritzot
inf	partida hau dagoeneko irabazi dogu 
inf	como me esperaba una tonteria de estas bihararte maitxia
inf	ez dakit orain itzegiten ari gara abisatuko dizut
inf	bixer zortziretan izartu biher nazela bederatziretan dentista dekotelako eibarre eta gainera lau ordu dentistanien sartute
inf	debere guztik in da gero oain sofan 
inf	eroze eskusa ra ona ez ikastekoetapi amatxu te teramoko imajenak ikusten amaierartegero podiume eta gero twitterjjj
for	mundialetan eta halakoetan sortzen zaidan zalantzakezka zergatik herrialde bakoitzak ez du berezko izenaz jokatzen kroaziahravtska etab
for	girl vs woman why language matters via ederra benetan ikusi
for	khaurren parte hartzearen inguruko formazioa azaroak 14 goizean n 
inf	trikitixa dantzatu nahiko nuke edozein herritako jaixetan 
for	listo twitterretik ere botoa emanda aurrera
inf	ondo hori da bidea iritsiko dira garaipenak animo
inf	uda ta ura besterik ez det behar oain
inf	eske inorrek eztakiii guatsapeko grupuan komentauberkoa jjjj
inf	lengo 1 retuerto 1 lengoren gola rena
for	ez nuen dokumental honen berririk itxura ona dauka baina ba al dakizue ren kasua aipatzen duen ala ez 
inf	inoizz ezdet ein mateko examin bau au baino okerro
for	norberak nai duena izan behar duelako herri bat direlako 
inf	zorionak lan ona in dezu
for	hori bai lehen bazekiten erdiratzen orain ez hainbeste
for	era pelotoiaren aurrekaldean tik pasaeran 
inf	bazkaltzeko kentaki fried chicken ta afaltzeko telepi dia konpletito
for	mailen zuazori elkarrizketa brankan noiz atxilotuko nauten ez jakitea kondenaren beste parte 
inf	oleee ba oaingoz ondoo aer bestek zemouz jejej porciertoo zoriondu ta tirau fuertee belarritik ne partez ajaj emozinatuta eongoa
inf	aitz gutinaka aklaratzen nahiko lan jajaj
inf	ta bihar gure bizitzako azkenengo ahotsu eguna gabon danoi 
inf	asteburuaz disfrutatzen disfrutando del finde 
for	birigarroa bailitzan beti zuhaitzaren puntan kantari eta alai
inf	bozkatu k o a r t a d a k 
inf	garbajioo seattleeaa zuaz aurten ere bidaiii on ta primeran pasaaa
inf	atte kriston kargauekin oi parriek jajaja 
inf	pixkana pixkana geroz ta geio 
inf	pistinan itxoiteeeenzein da oain inpuntuala eeeee eeeeeeee jajajajajajjaaj
inf	astebete minimo eta jun gehitzen egun erdi bat urte bakoitzeko es ciencia pura
for	orion eajk 1302 boto eta eh bilduk 1030 boto orion eskuinak irabazi du beste behin zer pentsatua ematen du honek
inf	goaxen ekipo gaur ilusioa gainezka irabazi ezkero ikaragarria bestela ba animatzen jarraituko deu berdin berdin aupa real
inf	nere laguntxokin ikastea pixkat errexagoa da 
for	oso ekimen polita aitor bugallo zenaren omenez eta gainera herria girotuz aste santuko egunotan 
for	junts ho podem tot elkarrekin 
inf	natuurrekin asoberkoobuuff eztet ezerre ulertzen
inf	nik dai ze pasaten dan eskualerrixan eta ligan bebai konpatibliti ez
for	gbck acbn jarraituko du eta iraurgi eta askatuak lebetik kanpora geratzeko arriskuan talde artifizial bat vs bi harrobi zer iruditzen
inf	inaki handiari gorazarre iteko ipar korea style jajajaja
inf	ya domekaweno eskerrak aste hontan astelhnian noian 
inf	barrutiko ikasleirakasle ohien bazkarireko ticketak salgai dauz ya apirilak 25 izengo da bazkarixe 25 animeu
inf	zenbat maite dituzuen emozio gogorrak n 
for	murala bukatuta gogoratu astelehenean mozoloaren bidearen kontakizuna euskara eta armenieraz arratsaldeko 530etan 
inf	miyesker geo gaude muxux guapaa
inf	zapore gaxi goxoa bigarren postuan gaurko txapelketa hurrengo baten izango da
inf	gauzak txikiak handiak direla gaboon
for	udako mintzalagunen izen ematea zabalik ekainaren 25a arte udaran ere jarri mingainak dantzan 
inf	ribeiro albarino ta estrella galiciakin ezto penaik aupa baskonia
for	doako bi orduko tailerra animatu eta izena eman plaza mugatuak 
inf	zorionakfelicidades besarkada haundi bat un fuerte abrazo
inf	amaiur zu nahizta ez egon kuadrila jatorrenean irabazlea zara 
inf	urtea ezin det okerrago bukatu
for	italiako giroa lehiaketarako kiniela egin berri dut parte hartu zuk ere 
inf	jojojoj ba bai bana oin debara nua ze gauzak lagatzea etorri naizaprobetxauu azken egunakk maria
inf	pikutara felix eta oihaneren estrategia niri jatorra hitzak gauza bat esateit hauei guztiz kontrakoa antza ni al nau oker 
inf	animoo nik bihar lehenengo azterketaa s valerianas tilas
for	euskara bizilagunak proiektua donostiara iritsiko da azaroaren 13an elkarbizitza euskaraz 
inf	a klaro esaten dute ez dala oso hona
for	non aurki ditzazkegu zuen abestien letrak
for	nazkatuta ber bi sexu erasoak dira horiek ere 
inf	musika baino geio da beaiek iteutenaaa
for	11 postuan azkenean gustora gaurko etapiegaz eskerrak lagun eta zale guztioi 
for	meritua du gero bi euskal txirrindulari bukatzeak lehen hamarren artean horren proba garrantzitsu batean 
for	irakurketa dramatikoak egin baino lehen irakurri eta hausnartu ta gogoratu amuarrainak begi bi 
inf	i dreamed a dreamzuri dedikatuta aurrekoan bezela asko gustatzen zitzaizun eta eguberri on maitia 
inf	zorixooonak oso ondoo pase ta gero gaauuz ia plaise ikutzen bagun geur jaja benga geroartee
for	jendea zain donostiarraren egoitzan kantu kontzertua ikusteko momentuz itxita programan hemen dela jartzen du 19tan
for	gertatu behar dena utzi gertatzen
inf	iaaa en finess asteburuu hontan ez dakit denborarikizangoo dudann baino urrengoan baiu
for	ez det gehiago askatuko lasai 
inf	crk baino hobeto explikatzen daben bitxartian nahikua ajajaja
inf	ta nere ustez felix bai idatzi du bazekilako danak zekitela oihanerekin liau zala eta ondo geratzeko mundu guztiarekin 
for	erako zerbait prestatzen ari da zuk ere bideoan bezala 
inf	nire dultze morena eskutik helduidazu eta zure etxera laguntzen utzidazu
inf	eskerrikasko politte muxubatt ta aurki garejajaja
for	photo altar by iker etxebarria via 
for	sentimenduak preso hartzerik ez dago
for	telebista aurrean etzanda zauden horrek aro berri honen gida hartzeko prest al zaude makurtzen zarete altzatu gaitezen 
inf	giro ederra bilbonirabaztie bakarrik falta da aupa 
inf	ez ditut eskuk sentitzen putas ampoias
inf	txantxangorriak ere hegan eingo dau 
inf	eskerrik asko amor ke bien sientan los animos
for	adibidez udaberrian egindako muralak anorgako ikastolan 
for	ba al zenekiten julio salinas futbolari ohiak n ikasi zuela 
inf	beste hiru puntu guretzat gaurkoa nahiko errexa lizeo 13 kotskas e 0 
for	gukere ekarpen ttiki bat euskal irakaskuntzan alde
for	korrika festa ostiralean sanduzelain 18etatik aurrera gortari plazan 
for	sinplea etxean sortutako hondakin organikoak etxe ondoko konpostagailuan kudeatzea 
inf	hik segi hortan batzui interesatuko zaiguk eta asuntua goizen 5etan ta parrandan bakarrik ezin dik izan tt dragoi bolak
for	osteguan gure laguntzarekin antolatutako ekimena 
inf	ipintxi aztu gatsu xabier zelan zabiz bolivianzirondo trataten zatxue
inf	gehiegi igual erregalau ingotziet fotua a todas esas ilusas
for	errenteria itsusia egitasmoa oso goragarria iragarkietan aste santuari aipamenak oso laikoak ez izan arren
inf	eskerrikaaskoo ta aber noiz moztezun illea eee
inf	mirandes 0 1 amore gogor mutilak
inf	jsjsjsj balee bueno bai jeje eskerikasko galdetziqtikann suerte partidotannn
inf	aa ondoo danaak ni bano lenaago enteeratzediia gauzetaz
inf	joder ze sorte txarra gontzal
for	auzoko aniztasunean euskara plazara urtarrilaren 22an 
inf	oin baskaltzen aber zelan sentitzen nazen baskaldu eta gero 
for	denborarekin baloratuko dugu filial bezela lortutako igoera denboraldi borobila aupa gu zorionak 22
inf	nire parte bat egin zara ukaezina bihurtu jat 
inf	au ezda normala jajaj enga oain baii ondoloin txikiii 
for	luis pazos urdaibaiko arraunlari galiziarrari elkarrizketa interesgarria egin zioten atzo etbsaten 42 urte ditu ta egurrean bejondeiola
for	5 egun besterik ez zozketa egunerako adi ibili gorde ondo boletoak erropak garbigailura sartu aurretik poltsikoak begiratu urtarrilaren 15ean adi ibili irabazlea bazara ospakizunen aurretik jarri gurekin harremanetan 
inf	animoooak salooutik jaja noz dekozu azterketie ba
inf	saiatzen saiatzen saiatzen saiatzen saiatzen saiatzen saiatzen
for	zein da sare sozialetan edukiak partekatzeko unerik egokiena 
for	anaia arrebekin askotan haserretzen gara baina azken finean maite ditugu 
for	campeonas de la copa euskal herria euskal herriko kopako txapeldunak 
inf	si ahora bihar bihar jajajajj
inf	puto enauk bate fiatzen mekauen dios
for	guztiz merezitakoa bai horixe meritu itzela zurea aritz
for	klaseak izan baino lehen hondartzan pasa dudan azkeneko arratsalde ona 
inf	leon enjaulau piolinen morun kaxolan sartute 
inf	callatee bua esq seriamnte me cago en tus kompetis prima lengurten de ez nik ikusi in nainizulaaa ta txupito bat artu
inf	mila kilo zorion maitia mz zubero pais vasco spain 
inf	noiz jokatukozue getxon contra partido
for	ander amonarriz hernaniar jubenila irabazle andoainen gipuzkoako itzulian 
inf	ezta nahikua bano ezerrez bano geyo ta gu bitarten plazak betetzen nik espek ez baluke ezer ateako nayo
inf	zorionaak espero egun ona pasa izana 
for	ezin ahaztu ta ezin ikutu
for	ez zituenez berarekin nahi gauza txar guztiekin batera oroitzapen 
inf	orduterdi te orduterdi 3 orduri
inf	atsalden mendie tokatzea ea ze lokaztie harrapatzen deun hor goi hoitan
inf	amak ekarri doztan bi oparixek madrilletik gustau iata
inf	ez dakit motibatua o ez baina atzo ze orduk arte ibili zinan hemwn idazten e ke aki nos enteramos de todo jaja
for	goiz hasi da eguna rekin n errepidea ia ia moztuta garayarrek goiko geltokian orduak darama 
inf	jc navarrok futuro ona daka teatroakobeti bezela payasuana iten ta arbitro inuxente oik potroik ez teknika beai pitatzeko teatrero
for	bidez alabarekin eta bikotearekin gosaltzen ni n eta beraiek n teknologiak zer egiten duen 
inf	nola indek hori menudo artistaaa
for	bihartik aurrera eskaintza gastronomiko zabala ere izango dugu 
inf	buelta bihar lanea berrize gabonanittt
inf	gu jota formalak gara jajjaajja
inf	mundu erdia juergan ta ni etxen 
inf	kontuz zee esateezun o iteenazun grabaziioa dakatela
inf	txikitako argazkik ikustia ta beste plazer batzuk
inf	amaiera triste eta frustrantea izan zan baina une hautan oraindik harroago nao errealekoa izateaz lenengo zati kaxkarra bigarrena kastaz betea bultzaka bazan ere hartu konfiantza igandean animau bestuarioa ta beti zuekin gora erreala betiiiiii
for	egiek eta zure begiek esan ziguten alde egiteko
for	balkanetako eta jugoslavia ohiko feminismoen inguruan irakurtzen eta idazten irakurketadenadelako proposamenik 
for	kolombian ere bakearekiko kompromisoa aldebakarrekoa da zoriotxarrezbitartean lurjabe eta paramilitarrak nekazariak mehatxatzen
inf	jajaja ba ezdot uste neree ajaja nik atzo inauen gaur mutilak
for	egurrean jarraitu behar dugulako sakanan borrokak dirauelako 
for	orain berriozar aldera taldearkin lanera eguraldi ona nafarroan osagai bikainak primerako kontzertua izateko ni erdi gaixo
for	gauzak argi valentziatik urte berri on
inf	aaaixmiyeskeerr preciosaaaa zu bai zealaa tonta
inf	nik egia esatet ze istoria aka gescrapek
for	bera bera polideportivo manteo kiroldegia 
inf	zorionak a la fea de ikusiko gea muxutxo bat
for	argazki horrekin fondo de pantalla egingo dut hala ere elizaso estimatzen dut oraindik ere lan bikaina
inf	anoeta ft en garaipena ikusi ta gero ikusteen
inf	faltsua izatia gure arten daudenak bai faltsuk eztiye pentsatzeuena publiko iten ta independentzia bulla in ta esp animatu
for	ondo ondo tximeletan datorren urten errelebotan estilokoan zu tximeleta eskerrik asko zure denboragatik
for	ko zuzendaritzak ez dit kontratua berrituko gisa iazko emaitza txarrak arrazoituta guztiz ulergarria
for	durangoko azokatik pozik etxera en azken diska sinatutaeskerrik asko gorka david eta galder
for	eta ez guri tentaldia eraman baina atera gaitzazu gaitzetik via 
inf	inoizz ezdet ainbeste lo ein juerga bat ta gero
for	esnatzeko bridge burning jarri ta saltoka ta bullaka gora 
inf	egunoooon danori haber ondo bukatzen dan urtiaa
inf	enaizz asko fiatzenn zuretazz geyoo jajaaj
for	azkenin formigal lehen emandu ta elur lepo daoo
for	ez dago eguzkilorerik nire etxeko atean 
inf	ostegun relax poteo bertso afari
inf	guuaapiiiii zmz danaa gaur amotora noie ze gero 24rarte ez naz gehixa jungo patxo
inf	aste kompletitoa oingoa azterketak protagonista izeten hasten dire kalendarixoan 09
for	francis ezin gorago igo atzokoa ikusgarria bainan zuzenean entzuteko irrikitan
inf	pare bat aldiz indiat ta joditzeeeeeiiiikk jajajajaja
for	gogorra behar du mina sentitu eta zauria non duzun ez jakiteak via 
inf	argazkixak tunea baik altza biriii
inf	gauza asko ikesteko eta denpora gutxi
for	no participamos en esta farsa gora euskal errepublika 
for	bageraren 25 urteurren ospakizuna ibilbidea hastear antzoki zaharretik 
inf	una frase bonita zaila egiten zait dena zu etzaudenetik 
for	30eko aldapa zer da broma bat 
inf	errepikatu beharra ziok eeeeee jujujujj
inf	honetan momentuetan ezta egoten gauza askorik esateko baia animo
for	ba al daki inork bereizten zerua ta infernua nor dagoen sufritzen eta nork daukan errua
inf	buff buen dia de juerga y bailongos gora atarrabiako eguna
inf	iritxiyalaaaaa sanmielaak15 esne beltzaaa ze esatekk 
inf	ze itek etxian dioossss jajajaja iual flipai iteuan pixkat jaaa
for	ez utzi malkorik ezpainetara iristen 
for	ezagutzen duzu erabiltzen duen eskola eredurik 
for	mozten da maite zaitut gari preso duen aitarekin telefonoz hitz egiten urteroko desioa azken manifestazioa izan dadila 
for	emozio ederra haimar tourreko azken aurreko etapa madarikatuan gertautakoak ahaztu eta atzoko gozotasunaz disfrutatu eutsi
for	ni ere bai etorri zaidan lehengo gauza
for	solasean fernando truebarekin amarako kultur etxean jendez lepo giro ezin hobean 
inf	hay algobonitotarde perfecta con quien quieres bada zerbait politagoaarratsalde ezin hobea maite duzunarekin 
for	ez kezkatu bueltan maleta maitasunez eta mimoz beteta ekarriko ditut
inf	bera ikusteko gogue badekot baina oin dala aste bete egon nintzen beragaz
for	kaixo arratsaldean gaur ere 5tan
for	eta laguntzaz euskal rocka disfrutatu gozatu 
for	oraindik badira jendearen bihotz txikietan hain handiak diren ametsak itxaropenak
for	ez nauzue urduri jarriko lasailasai nago 
for	eta zenbat botatzen den faltan arriondas asturias spain 
inf	eee oso guapua ek eee jaja
inf	bueno bixer ostirala ordue zan
for	ezta nik ere anquetilen taldekide finenetakoa izan zen
inf	animooo benga azken txanpa aran ta geo ya oporrak nola dijuazt gauzak hortik
inf	holan zegon iganden belokiko bideajende asko dabil hortikan holan egotekobidea garbia mesedez 
for	t ez dut esan bn atzoko gauaren onena montoiak egin zuen bertsioa zenbat diruzale zenbat putaseme latz
inf	venga orduerdi barru ikasten jartzenaiz
inf	denai aber nolako eguna dan gaurkoa
for	niri jartzen didate caro izena eta nahiago jose zorrilla deitzea
inf	oixe betikua besteik eztezu ta jajajajajajajjajaja ala dejemoslo
for	ni kantetan hasi ezkero igual bai tiro bat merezi 
for	aiaraldean dago laudio ez araialdean artikulu interesgarria
for	haizpea abrisketa eta asier basurto hilabete askoan egindako lanaren berri emanez
for	gaurko diadak utziko duen biharamuna epikoa izango delakoan nago zentzu guztietan
inf	un exito eskerrik asko xarpa 
for	hemendik dena primeran doa eta atzoko iluntzea eta gero imajina dezakezu majo zu ondo
for	futbolean ez duelako beti florentinoren diruak agintzen handia borussia
inf	aztuta neukan zertzan ordu hautan esnatzea 
for	donostia tanbor hotsez beteko da bihar bana gaur gure kartelez josi dugu 
inf	jendia ez danen platonen kobazulotik atetzen
for	lana duintzen saiatu ginen nik izan nahi nuen hiltzaile baina
for	gloria madero donostiarra lasterketa garrantzitsu batean 
for	listo banago gogoekin urduritasunarekin pozik 
for	kazetarien arteko desberdintasuna tren istripua aian etbk abisua jaso eta tokitik emititu du alboko hesira kanpotik begira
for	zarautzen independentzia oihu artean amaitu da kazerolada 
for	urteberriko saria aurkeztu dute eta bada zerbait irabazteko garaia lemapean 
for	ni beti izango nauzu benetako laguna 
for	mila esker nigatik egiten duzuen guztiagatik apoyoangatik eta hain hitz politak eskaintzeagatik 
for	poztu gaitu osatzen bidean ikusteak 
for	moto berriarekin con la moto nueva new bike 
for	inork ba al daki ibookskindle dokumentuak liburuak inprimatzerik ba ote den
inf	jajajajajajaja andereno gixajoa aguanta beharreko anderenoz aldatu beharkozu
for	entrenamendu ona gaurkoa elur pixkat ikusiz bazterretan 
inf	ni konparazion ordunn jajaj txinfuuu
for	espainiako vuelta lehiaketarako kiniela egin berri dut parte hartu zuk ere 
inf	emateunez whatsapp askok eztute iten enaiz bakarra
for	azaroak 13 txorierrin baietz lortu 60 egun euskaraz olgatzen programaren aurkezpena 
for	txioak faltan botatzen batzutan apur bat astuna izatea nahiago nuen aupa benat 
for	eta bapatean dena aldatuko da orri txuri bat hartuko bagenu bezela bertan historio berri hau idatz dezagun
inf	pos ya ohera nijua ze nekatua nago ta tripako minakin 
inf	egunoon zemuz berriz 12k badia
inf	buff bihar earra siesta botaberdetenan
for	erradikalak al gara a ze lurrikara zorionak ane labaka eta bea elgezabali ez ezazue galdu aukera 
for	ren maitasunaren ostean maitasuna antzezlanak irabazi du xvi donostia antzerki saria 
for	bi egun eta kitto hainbeste aipatu diguten prestakuntza fisikoa ikasgai ea zer azaltzen diguten gogotsu nago zaila omen da hor erronka
for	ta zorte on zure talde berrian aupa 
inf	jo ta ke irabazi harte 
for	banda bat osatu dute irlanda kornualles gales eskozia frisia galizia eta ehko musikariek 
for	dagoeneko ikusgai elgoibarren futbola ere euskaraz bideoa 
inf	ni ere bibotea uztea ari nz planteatzen oso seriyo orain estepan izango da etbko izarra maddalen gabe
inf	ezer ez ez jan k no te konbiene
for	oparitu euskaraz gabonetan laster da zuen etxeetan euskarazko produktuen katalogo berria n 
inf	zer da lagun on bat bixotz zati bet ez bada 
for	19 egun gose greban aupa ugaitz 
inf	kandau baakazu zelan naizu zuremensajik aiati
for	gure prestatzaile fisikoaz zerbit gehiago jakin dezazuen gomendagarria hau irakurtzea 
for	inoiz ez al duzu sentitu zoriontsu zarela 
for	begiak itxi ditzala horrela gustoko ez 
inf	ez pentsatu partidun oaindik gaur ta biar ondo entrenatu beardeu 
for	urrengo urterarte polita zure zain gaude 
inf	bihartik aurrea n planakin atope
inf	aber bixer mateko azterketie ondo urtetan dan
for	proiektuaren lehen euskarria ikusgai tabakalera aurreko nestor basterretxea plazan 
for	batzuen handinahiak besteei heriotza oraingoan bi aldeetan hala ere beti berdinak dira biktimakzer pentsa
for	gaur 1900etan bageraren elkarrizketa filosofikoetan heriotza kulturaren ikuspegitik eztabaidagai an 
inf	ale matekin amets politak izatea ddd 
for	ta ez galdetu inoiz zer galdu genuen
for	eskerrik asko hunkigarria eta polita izan da 
for	iritsi da eguna berriz ere amesteko temporada txar eta ilunak alde batera utzita europan sinistea champions ametsa 
inf	norbaitek thomannea pedidua inber badu abixauu
inf	balee jajaj ni uain lokalea nua ta gabian o biar erlijion asikoonaiz
inf	azkenian iritsi dialaaa san migelak
inf	erronka gogor baina polit baterako prest lortuko dozu 
for	nire etxeko postontzian renteriara sic iristen dela non dago herri hori 
inf	zukebai naroa bihar eongo gea si eso ondoloin
inf	espektakuldos de txora em el trena mui lokook
inf	iepaleee jajajaj urrengo kontrolian egurraa
for	kostatuko zaigu zure irribarre ahaztea 
for	foto txoko ezkutuapor iker etxebarria 
for	izena emateko epea zabalik merkatari ostalarientzako euskara ikastaroak 
inf	zoooorionak osoo ondo paseuu egune eta ontze gauzz pd prepareu belarrixek
for	uda honek utzi dituen momentu pertsona eta bizipen guztiengatik agur 
inf	hori egia bada plas plas plas animo ta ez etsi
inf	bai bueno nik dantza dauket baino larunbaten bakarrik ahal badezu ba ondo neregatik
for	arrauneko dopinaren aurkako kontrolak hain eskasak diren bitartean zuk esandakoak tamalez ez du eraginik guztiak garbi daude
inf	aupa laste rekuperakoza fenomeno aupa athletic
for	iban zaldua xabier montoia eta ibon rodriguez biodiskografiak 
for	jaiak egingo gaitu batzar irekia gaur 1900etan parte zaharreko n 
for	eskerrik asko eta lan bikaina egin duzuena inoiz baino beharrezkoagoak zarete 
for	mesedez ez jun az gora euskal selekzioa
for	albiste pozgarria baina talde euskalduna izatetik espaniarra izatera pasatuko da gogortu duela 20 urte sortu zela
inf	lehenengo euskaltelalonso oin hau buffff hau merezi dogu
for	hemen ume batek amesten du amestu ahal izatearekin
inf	ya klasiak bukauta aer nola duazen kontrolakk 
for	bihar arratsean ola sagardotegian izanen gara txotx 
inf	lasai ainhoa ya bi geamukik ta begitako pikorek eguraldi onan senale diaaajajaja
inf	egurra ta kitto heldu besotik gtgtgtgtgtgtgtgtgt
inf	altxatu naiz oraintxe bertan ez dakit gero lokartu al izango naizen baina bueno
for	ikastolan euskarazinstitutoan euskaraz unibertsistatean euskara eta nola ez bizi ere euskaraz
inf	cr k granadari bost golgaur baloie usindu be etxok inhau messi baino obeauaala por ayyy
inf	zeinen boskote polita egin duren buruan
inf	lyon 0 2 erreala osooondo reeeal oneenak zeeaazte 
for	agenda beteta datorkigu ostegun honetan gaur 2000 nafarroako filmotekan kuxetagileak dokumantalaren estreinaldia 
inf	mila esker muxu haundi bat
for	4 imagenes una palabralau argazkiek zerbait daukate komunean eta haren izena bete behar duzu beheko letrekinondo dago
inf	egun osoa pijaman ze lujoa
for	ez da erraza agur esatea gustura zaudenean
for	epaiketa bertan behera uzteko eskatu dute udazkenean epaituko dituzte 28 gazteek via 
for	amestu aske sentitzeko hobe konfeti kolore 
for	barrutik datozen hitzak mila hesi gaindituaz
for	elkar ikustean nire kontua zelan dagoen galdetzen duzuen guztiontzat zuen galderak erantzuten egongo naiz hemen 
for	eta galdezka jarraituzkongresuan abortuari buruz larreina jaunak zer bozkatuko duen jakiterik al dago 
for	teleberri bateko lehen albisteak ezin du andaluziako euriteen berri eman onartezina da
inf	udako momentu hoberenetarikoak zumaia beach with my girls 
for	joe pena ezingo dut azaldu grabatuko duzue
for	bikaina ren mugikorretarako euskaltegia jokua maiz parrandetan egin izan duguna joko bihurturik 
inf	ba motellsagardotei epoka honek etziok bate mesedeik etten
for	susaeta bera egon da bi goletan pasea ematen aupa markel susaeta
inf	ba tv3en ikusteko moun zeon aspalditik ta guk errex ulertzeko katalan baten batzutan esfortzu txiki bat itia da dana
for	ekoeskola 2012 martxan irunean fracking hondakinen kudeaketa canal de navarra zilbetiinformazioa 
inf	eguzkiyan alturan kontua da eguzkiyan berotasunana wikipedia lady
for	buenoo astelehena astea berriro astera
for	arrautza bat lurrera bezala erori zara neure bizitzara eta dena zikindu duzu
for	talde antolatzailea bilduta dago gaur donostian nondik norakoez eta geroaz hitz egiteko 
inf	hainbeste gyym txarra dala gorputzentzaat inakii ajaja
for	hemen dago jada altzako vii bertsopaper lehiaketa 
for	oroitzen ez badu buruaren ordez bihotzak sentitzen badaki 
for	badaude milaka arrazoi irri egiteko gabon 
for	pasaiako taberna baten john mayer geatu gabe joder lo nunca visto
for	dena prest deskonektatzeko gogoekin todo preparado con ganas de desconectar 
for	orreaga eta gero zer eman izena gure ikastaroan 
for	futbola negozio bezela nazkagarria ikusleengan inoiz ez dute pentsatzen kirola bigarren planora 
for	contadorren erasoa shleci katea irtetean
inf	eunonnispasterrea bidentemporadako azkeneko karrerea izangoaaer zmz 
inf	etxeaka jutenn en etxian eon da geo
for	berez ezen penalti area kanpoan izan da
inf	maleta ein bier dot eta oien botata nau
for	esatea libre euskararen egoera aztergai 
for	euskarak 365 egun dituen bezala berdintasunak beste hainbeste 
for	arrazoi bere izena aipatzen da eta zerbait argitzen lagundu dezake jaunak
inf	gustoko dut filosofo erik jajaj 
inf	ezinbesteko irakurketa gaur rena ikusezinak maite zaitugu onintzaaa 
for	denbora txarrari aurpegi ona jartzen badakit 
inf	ze benat ospitalean zer degu ba aizu laster errekuperau animo ta besarkada
inf	eskerrrikaskoo pitxuuu sayatukogea disfrutatzen atzo hasiera ona emnda jajaja muxutxus guapi
for	zer esango zenioke kanaleta hori jartzea okurritu zaionari 
for	ieskisabel 3mutrikuko amona tomasa mundu hori salbatzeko berau garai berrietara ekarri zuena bide politikoari ekinez
inf	emendio asten banaiz nik dazkiten gauza batzuk esatenjujujuju aber zenek bukatzeon geizki eeehjajajajajap
inf	gann gan stilekin esnatzenjajjja ezaizz normala
for	zarautzen ere berriak jaio daitezen eskolako kortxoko propaganda osatzen segi dezagun
inf	zorteon zure etapa barriania danak ondo urtetan dotzun
for	killian jornet fenomenoa da zegamaaizkorri irabazi du beste behin non dago mendizale gazte honen muga 
inf	egunon ya ostirala bana bi azterketakin aber ondo doiazen ta azkar pasatzen dian klasiak
for	illarramendiren kasuarekin nahikoa nazkatuta nago dagoeneko diruagatik jokatzen du madrilen 4 aldiz gehiago ordainduko badiote doala12
for	jaialdietako informaziopuntuetan arituko diren gazteak donostian bildu dira 
for	gasteizen green capital delako eskaparatearen izenean tokiko bizialternatiba bideragarria suntsitu nahi dute 
inf	ta nere guitarra estrenatu ondoren 
inf	tdo olor askeroso de no aberse dutxau en una semana benga gorditaaaa
inf	atsaldeko bostetan kriston egualdiakin gizarte ikastea
inf	bihar ondo etortze zaizuue noraak pistola emateuu
inf	aske jaiotako izakia nauzu aurreaan 
inf	kin piriniotan bizittekue haundixe benetan giro ona ta jende obioue aupa sanpedrotarrak eta 
for	gureokupaziopeko errealitatearen ondorio diren erritmoak errespetatu imperialismoa ez dugu errespetatu beharsuntsitu baizik
for	oinarrizko eskubideak ez dira eskatzen ez dira bozkatzenherriaren askatasuna horietako bat dagure esku dagoena ezin menderatzaileari eska
for	oso argazki polita parra herrera delgado cubino
for	atzoko eguna itzela izan zen hunkigarria eskerrikasko hurbildu zineten guztioei laguntzaileei bad sound system 
for	dena atera behar da urtarriletik aurrera altxa burua eta aurrera 
inf	ta nik dirurik gabe poltsikon 
inf	ze handia den gure itsasito txikia amaaaa ikusiet bai eskuk aurpegin jarrita jeje 23an hernania jujujuju
inf	bejon deikela haimar beti gizon beti ixilean beti handi beti langile milesker urte guzti hauengatik
inf	zorionak a la gordii de muxux
for	mugalariak sorkuntza eta bitartekaritza artistikorako mugaz gaindiko deialdia aukera aparta
for	k hartu du lekukotza abiatutako ekimenean 
inf	eta nik egazkine hartu bier dot zelan dana
inf	zee ondoo eoteann etxiann kanpuann don egualdiaa jakindaa
inf	ze ona dan utorrent ta ni oain enteratzenaiz 
for	ez altzetozenba astebukaera hontan si eske vienes y no sales 
inf	astelehen guztia sofan pasau biot
for	tirrenoadriatikoa lehiaketarako kiniela egin berri dut parte hartu zuk ere 
for	gasteizen izango da igandean izarrak kalean nork irabaziko du 
for	eunon gaur ez daukagu zer ospaturik
inf	bueltaxka inda gaur lasai dauakau lo itra 
for	espainiako vuelta lehiaketarako kiniela egin berri dut parte hartu zuk ere 
inf	zorionak asier ia buru haundia bilbora ekartzen duzun
inf	jodee ba ondino asko falta iatzu disfrutau asko asko 
inf	zorionak danoi atzokoa handia izan zen kantau hunkitu ta barre egin genuen biba zuek 
for	donostiako san silvestrea motorrak berotzen ez geratu dortsalik gabe 
for	azkenengo eguna ibizan eskerrik asko amz 
inf	lokalen ioritzei 80 irabazi fifan oso txarra dek
for	set de fotos zerua askatu eta mari anderea haserre azaldu da zerbait gaixki egin ahal dugu ba aita 
for	zuek ba al duzue etxean frontoi bat guk bai 
inf	gozada bat da tarteka asko espero eztezun batekin gai esanguratsutaz hizketan jardutia ordu ta piko erlijiyo ta eredu politikotaz hizketan
inf	ekinaren ekinez ezinezkoa eginez aupa 
inf	ezindett enai etxiann t mobiletikan tuentiya borrau nun mensajes directos de twitter ondo
inf	zapatuko kontzertuko momentueitzel pase gendun argz 
for	suitzako itzuliko etapa ezin ikusgarriagoa mendatetzarra igo eta jaitsieran zegoen helmuga saganek etapa eta cunego lider 
for	nola txertatu euskara kirol irakaskuntzan 
for	bihar korrika irunean ta gero eguna ospatzera
inf	zorionaaak aprobetxatu zure eguna t ondondo ospatuuu muxuu 
inf	aquellas personas que solo saben jodeerenfin zuentzako muxu bana ta zorionak matxo
for	world tourreko sonatik urrun les nations erlojupeko proba jokatu da gaur martin garaile anquetil 9 aldiz nagusitu zen 
for	azaroko plenoaren gure irakurketa eskuragarri webgunean 
inf	soinu frogak iten adisarrerak dagoeneko agortuak 
for	egunonpoliki poliki tenperatura gora ta eguna 
inf	barkatu saiatzen ai naiz spamarekin akabatzenduela asko iritsi zaizu
inf	eguuunon pixxkat geatuko nahiz gelan telebista ikusten
for	gaur hitzordua karmelo ikastolan eta rekin batera 
inf	ya ez ditut agujetak menos mal ze bestelaaa
inf	ostiaaa jauzi in nintzan ala jajaj
inf	gaur gustoa jungo nitxian bai tolosaahan gaurko eunez latzaaaa eoteek baiurte baten izenitxian
inf	noiz ta nun intzenun gaupa ta de ke alegiko festetan nere urtek zialako 
inf	ze bueltako bidaia eman digun ek eta neri eztulka jarraitukozu ez jeje
for	izaera politikoa duten hilketen 95 epaitu gabe jarraitzen du luis plaza velez n 
for	izarrak plazara talentu lehiaketan partu hartu nahi sari bikainak lortzeko aukera zatoz 
for	eta gaixotasun berbera duten pertsona guztioi
for	bitxia txirrindulariak gauez ikustea baina antzinean tourreko etapak goizeko 300etan hasten ziren 
for	horrelako partidengatik da txanpionsa berezi magia hutsa erakustaldi bikaina bizi izan dugu zorionaak choloren mutilei meritu handia
inf	zorionak neskak hau hasiera besterik ez da izan hasi prestatzen altxatzeko
inf	nairabenak rin porri or dauke linke
inf	eskerrik askoo gipuzkoan ez zen koloreetan joan gustatu zait nola geratu den dena nire izena ezik jejeje azpiazu zrekin
for	eman izena eta sariak irabazi lonjazank
inf	dena prest artxipielagoa proiektoren debuterako baluartes a tope dago 
inf	suitza atzean utzi ta hemen ere leku ederrak uzturre ez neymar eta ez inor aupa gu gora erreala 
inf	12 orain bai zuen birtxioak behar ditugu retuit please 
inf	oain gosaltzea y no tengo nada de hambre
inf	horrelako gau bat ta gero familiakin berdiin zait bihar olentzerok ez badit oparirik usten honekin nahikoa da
inf	euskal herria inoiz baino gehiago elkartu dozu
for	esango nuke bere begiek erraz sorgindu nautela
inf	euria tarteko zoramena besteko guardasola eskuan babesteko 
inf	bilbo aldea mundiala ikustea repdominicana vs usa 
inf	halabaa oainn bazkaltzea ta aatsaldiann hondartzaa
for	astelehenean 100 urte rene vietto jaio zenetik 
inf	mi toalla andanteeehh agian gu goaz urrengo astean k fallo jajjaja
for	for those interested inguruko inork joan nahi balu mesedez abisatu
for	oreretako hautesleku batean eko ahaldun gisa enkenbolaosmemeto
for	igande iluntzeei zentzua emanaz buelta da 
for	gaur otsailak 21 1900etan antzoki zaharrean gida ez perfektuaren eta dokumentalaren aurkezpena 
for	europaren aitorpena lortzeko aukera aitzindaria du donostiak meic llewellyn celtic neighbours 
for	isildua baino gehiago txalotua atzo gainerakoek baino txalo gehiago jaso omen zituzten
inf	finalean gaude gora neskak zuek gabe hau ez da posible 
for	goizian ezer ta gauian gehiegi
for	orduan inori ez dirulaguntzarik laissezfaire
inf	lanen pixkat jardun ta oan futbolen jokatzea kuadrillakok vs postizok espektakulua garantizatuta dao
for	irimo txukun txukun ta eguna bezala metalizatua 
for	eskerrik asko lanean jarraituko dugu
for	27zapata lana panolien kontua da ciceronek esan zuen 
inf	es traper lo punk nizuri tazuneri via 
inf	aupa erreala alde eta xabi 
for	5 egun izarrak plazara ekimenean izena emateko zeren zain zaude 1217 urte dituzu 
inf	ba ni azalduko naiz eta bilerara ere bilera 4tan ez
for	amurrion emandako kontzertua ikaragarria benetan 
inf	nun jokatuko da rezusta vs ibai zabala finala 
inf	entrenamenduaren ondoren gran resaka aitarekin bazkaltzea earra atzoko afaria
for	zorte on datorren astean denboraldiari ekingo diozuen talde eta txirrindulari guztioi
inf	gure seme alaben irrifarrak izango dire garaipenaren aitorzabaletabetigogoan jo ta su faxismoaren aurka
inf	seguruenik ezin dizut munduko onena eskeini baina nere barruko onena 
inf	esaldi honek ez dik zentzurik ondo hago
inf	ba gero eskubaloia ikusi beharko da
inf	oso politze ze ustezu jaja
for	egitaraua aurreratzen hasi dira eta madonna ez dela bertan izango jakin dugu 
for	gaur 1900etan an bagera elkartearen ikasturteko 1 soziolinguistika solasaldia 
