for	bilbon ko castinga egin da eta nik jakin ez zuetako inork egin al du edota parte hartu duen ezagunik ba al du
inf	 lasai nere mobiya osondo dau zure grabazio bat gabe obeto ta dena esangonuke jajajajjaja
inf	zelan da nire lagune gorantxixak neure partez nire lagunai
inf	 eskerrikaaskoo ta aber noiz moztezun illea eee
inf	ikasi bihar duan jendiantzat rekomendautaikusi ze musikota 
for	denbora txarrari aurpegi ona jartzen badakit bahia de la kontxa 
for	gaur telebistan entzunda denok martetik gatoz hortaz martzianoak gara beno nire ustez batzuk beste batzuk baino martzianoagoak dira
inf	oso pozik irratixen entzutiegaitzik barriro eskerrik asko 
inf	emateunez whatsapp askok eztute iten enaiz bakarra
for	iban zaldua xabier montoia eta ibon rodriguez biodiskografiak 
inf	dena prest artxipielagoa proiektoren debuterako baluartes a tope dago 
for	bihurri aurpegi horrek salatzen zaitu 
for	 amesteko ez da lo egin beharrik futbol 
for	berriro errepikatu beharrekoa aste onetako beste arratsalde batean
inf	 balee jajaj ni uain lokalea nua ta gabian o biar erlijion asikoonaiz
inf	 kandau baakazu zelan naizu zuremensajik aiati
inf	dulce locura tu mi droga mas dura zorionak pitxin txikitatik elkarrekin zaharrak izan arte 
for	 nire paper guztiekin su handiagoa egingo nuke
for	oroitzen ez badu buruaren ordez bihotzak sentitzen badaki 
for	afariko panorama amona sasijakintsu baten bakarrizketa entzuten laburtuz emakumeok pasatzen ai gea ez degulako gizonen aurrean ceditzen
for	 guztiz ados ederra kanpotik barrutik eta toki guztietatik 
inf	un exito eskerrik asko xarpa 
inf	arratsalde ear bat pasata etxen
inf	jo ta ke irabazi harte 
inf	 au ezda normala jajaj enga oain baii ondoloin txikiii 
inf	 k abandonatu gaitu azken aldian dabil deskonocido txintxotxintxo
inf	 ueueue jajaja enitzan ai ezertaz enteratzen naezuenian
inf	 zorionak neskak hau hasiera besterik ez da izan hasi prestatzen altxatzeko
for	astroekin dantzan gurutzatu dira gure orbitak eta gure begiradak
for	ez dago zerurik ezta paradisurik ez zuretzat ez niretzat
inf	de momento 3 puntu ikasitze gero beste bat y salgo 
inf	oain gosaltzea y no tengo nada de hambre
inf	 guk deku sasarea nos hemos tragau todo eurovision
for	europaren aitorpena lortzeko aukera aitzindaria du donostiak meic llewellyn celtic neighbours 
for	27zapata lana panolien kontua da ciceronek esan zuen 
inf	 aupa erreala alde eta xabi 
inf	 hori egia bada plas plas plas animo ta ez etsi
inf	udako momentu hoberenetarikoak zumaia beach with my girls 
for	esaidazu aurrera pausorik emango banu behar bada bizitzak zentzu bat izango luke 
inf	 bihar ondo etortze zaizuue noraak pistola emateuu
inf	 guuaapiiiii zmz danaa gaur amotora noie ze gero 24rarte ez naz gehixa jungo patxo
inf	 eskerrik asko zure errespetu eta adeitasunarengatik mila muxu guapa 
inf	 urteberri on antigua alde hortan ederki pasau gaua elgoibarren gazte
inf	 ta zelan ein behar zan bestelabarematuzze eperakolotsagarria errua botatzea zuek ez dozuenean ezer egiten
for	epaiketa bertan behera uzteko eskatu dute udazkenean epaituko dituzte 28 gazteek via 
inf	manana semis de copa eh anorgareal zatoz bihar azpeitira hemen duzue atzoko argazki polit bat 
for	luis pazos urdaibaiko arraunlari galiziarrari elkarrizketa interesgarria egin zioten atzo etbsaten 42 urte ditu ta egurrean bejondeiola
for	 ez altzetozenba astebukaera hontan si eske vienes y no sales 
for	intxaurrondoko katalunia txikian ere bozkatu nahi dugu 
inf	 ba motellsagardotei epoka honek etziok bate mesedeik etten
for	adi gaur arratsaldean aldaketak egingo ditu a3333 a3336 eta a3338 lineatan 
for	 eta ez guri tentaldia eraman baina atera gaitzazu gaitzetik via 
inf	 pare bat aldiz indiat ta joditzeeeeeiiiikk jajajajaja
for	listo banago gogoekin urduritasunarekin pozik 
for	 gureokupaziopeko errealitatearen ondorio diren erritmoak errespetatu imperialismoa ez dugu errespetatu beharsuntsitu baizik
for	gatzagaetxebarriak dionez 2013an eta 2014an lanpostuak suntsituko dira eajk ahtko lanak eta erraustegikoak egin nahi ditu 
inf	ze siesta botadeun ta nik bana
inf	 miyesker geo gaude muxux guapaa
inf	atsalden mendie tokatzea ea ze lokaztie harrapatzen deun hor goi hoitan
inf	ba gero eskubaloia ikusi beharko da
for	gloria madero donostiarra lasterketa garrantzitsu batean 
inf	zorionaaak ondondo pasa egunaaa d
for	 ezin ahaztu ta ezin ikutu
inf	txapelketa ta gero ek sinatutako kamiseta bat jasotiak ez dauko prezixoik milaaa 
for	harpidetza eredu berria abian jarri dute informatu herrigintzatik eta egin ekarpena 
for	pentsatzeak ez zaitu nire ondora itzultzen
inf	 zeinen boskote polita egin duren buruan
inf	gaba alaitzeko fito entzungo dot
inf	 zuke instrumentun bat jotze al dezu ba igual beste kame bat izangoa bano
inf	 euskal herria inoiz baino gehiago elkartu dozu
for	irimo txukun txukun ta eguna bezala metalizatua 
inf	gure seme alaben irrifarrak izango dire garaipenaren aitorzabaletabetigogoan jo ta su faxismoaren aurka
inf	 bale bale baino ez dezatela pentsa hau ikusten duten espainolek eaj komunista zenik 
inf	88 egun 3denboraldiaaa geroz ta gutxioo 
for	baina gure herri ederrean barrabarra ditugu festa ta humorea 
for	solasean fernando truebarekin amarako kultur etxean jendez lepo giro ezin hobean 
for	gogorra behar du mina sentitu eta zauria non duzun ez jakiteak via 
inf	 3ren barrun iuel bn ganador ez neretzatostia bn el hombre del piano attutepuuufffaaa
inf	 zorteon zure etapa barriania danak ondo urtetan dotzun
inf	pobriaren suertia bilintx by via 
for	 niri azken esaldiak arrautzak jatearenaen fin hala ere eskertzekoa da kirolean argi hitz egiten dutenak irakurtzea
for	 batez ere falta diren hoiena
inf	aitatxu zinera due eta ni bakarrik etxien
inf	isilik egoteak balio duena bidez
inf	 bejon deikela haimar beti gizon beti ixilean beti handi beti langile milesker urte guzti hauengatik
inf	autentiko beleeeen aierrrathletik beti surrekin
for	duin ta gazte kalean aske
for	ez kezkatu bueltan maleta maitasunez eta mimoz beteta ekarriko ditut
inf	 goaxen ekipo gaur ilusioa gainezka irabazi ezkero ikaragarria bestela ba animatzen jarraituko deu berdin berdin aupa real
inf	zoooorionakkk nire txikitzueri handize eiten iatala osoosooso ondo paseu eta inork bez fastidietie handi bat
for	 ez dago lehor larunbatean guk argi daukagu 
for	italiako giroa lehiaketarako kiniela egin berri dut parte hartu zuk ere 
inf	 zukebai naroa bihar eongo gea si eso ondoloin
inf	 2130tan inagurazioa ta partida 2230tan ola
inf	aske jaiotako izakia nauzu aurreaan 
for	eskerrik asko eta lan bikaina egin duzuena inoiz baino beharrezkoagoak zarete 
for	esango nuke bere begiek erraz sorgindu nautela
inf	buenoba bueltabat ematea aurkiaber batenbat enganatzeten nei launtzekojajaja
inf	bale ondo da ezin da sammames barruan erre lagaiguzue beintzat kalera urten ta berriz sartzia mesedezez dou asko eskatzen 
inf	naomi esaiozu ba txurruri sentitzezun guztie modu bakarra da ireki zaitez saiatzen ebazea eduzu jakingo 
for	esnatzeko bridge burning jarri ta saltoka ta bullaka gora 
for	 zorte on datorren astean denboraldiari ekingo diozuen talde eta txirrindulari guztioi
for	itxaropen hitzek ez dute balio zu berriz sentitzeko 
inf	zorionak ondo pasa disfrutau eguna
for	galdera da nondik hasi interpretatzen opari hau
inf	 baa oso repetitibie zeala jajaja zenbat ufaa jaja
for	azaroaren 24an izena eta izana ezbaian gida praktikoaren solasaldia n 
inf	lasarteko udaletxeak puticluba emateu jajajajajaja 
for	oinarrizko eskubideak ez dira eskatzen ez dira bozkatzenherriaren askatasuna horietako bat dagure esku dagoena ezin menderatzaileari eska
for	27zapata ez dira egun asko falta eta gutuna olentzerori 
for	mugalariak sorkuntza eta bitartekaritza artistikorako mugaz gaindiko deialdia aukera aparta
for	 egunero herrialde katalanetako eta euskal herriko garagardo artisauak ardoak eta jatekoak izango ditugu 
inf	inoizz ezdet ein mateko examin bau au baino okerro
for	aurten bai eibar lehengo mailara 
for	 gukere ekarpen ttiki bat euskal irakaskuntzan alde
inf	adibide bikaina askorentzat erakutsi zuen ingurukoei buen ejemplo para muchos ensenadlo en vuestro entorno 
for	horrelako partidengatik da txanpionsa berezi magia hutsa erakustaldi bikaina bizi izan dugu zorionaak choloren mutilei meritu handia
inf	egunoon zemuz berriz 12k badia
inf	 jsjsjsj balee bueno bai jeje eskerikasko galdetziqtikann suerte partidotannn
inf	 kin piriniotan bizittekue haundixe benetan giro ona ta jende obioue aupa sanpedrotarrak eta 
inf	 te la dejare y la pruebasssbueno lotaa noa biehr toka kurrarzaindu ta ia mine pasetan jatzunta a entrenar atopemosuondo loo
for	minduta egon arren aurrera egitea nahiz eta zoruan egon altxatzea nahiz eta bakarrik egon bideari ekitea aurkituko dut bidelagunen bat
for	euskara dugu euskaldunak gara barruan daukagunaren islada
for	denbora txarrari aurpegi ona jartzen badakit 
inf	 34 resultau on etxeko 15 partido birau realak 
for	 perezek kriston erakustaldia eman du gaurkoan baietz finalera heldu 
inf	 eskerrik asko prima emungotzut buelta bat eunen baten jejej
for	bi egun eta kitto hainbeste aipatu diguten prestakuntza fisikoa ikasgai ea zer azaltzen diguten gogotsu nago zaila omen da hor erronka
for	 jaialdietako informaziopuntuetan arituko diren gazteak donostian bildu dira 
for	dena prest deskonektatzeko gogoekin todo preparado con ganas de desconectar 
for	egun borobila mila esker zoriondu nauzuen guztioi gabon 
for	 barrukoen deia jaso dugu valladoliden dena entzuten dute borrokan jarraitzeko ta gainera animoak bidaltzen dizkigute
for	gaur 1930ean gure sor lekuaren bila dokumentalaren proiekzioa herrerako ken 
for	igande iluntzeei zentzua emanaz buelta da 
inf	 oixe betikua besteik eztezu ta jajajajajajajjajaja ala dejemoslo
inf	bilbo aldea mundiala ikustea repdominicana vs usa 
for	ez dira betiko garai onenak 
inf	 suitza atzean utzi ta hemen ere leku ederrak uzturre ez neymar eta ez inor aupa gu gora erreala 
inf	etxeaka jutenn en etxian eon da geo
for	distantziak ala mugagatik iruditzen zaizkigu handiagoak distantziak k n 
for	ihes egin nahi nuke ta ez galdetu zergatik
for	eta nola nola eutsi argazki eder hau sarean zabaltzeko tentazioari 
inf	zurekin bizi ditudan momentu on guzti haiengatik ez dakiit ze ingo neban nik zugabe ez aldatu inoiz 
inf	 ke sobrau xabi uste genun errealea bueltatuko zinala emengo jendea pozteko bano ez an geatu zea 
for	gaur partidua arratsaldeko 6retan zestoan 
for	izarrak plazara talentu lehiaketan partu hartu nahi sari bikainak lortzeko aukera zatoz 
for	mungiako dantza zati baterako entsaioa 
inf	gozada bat da tarteka asko espero eztezun batekin gai esanguratsutaz hizketan jardutia ordu ta piko erlijiyo ta eredu politikotaz hizketan
inf	 eztait tipo mierdabat ateazait ta ezdia lagatzen kontestatzen
for	killian jornet fenomenoa da zegamaaizkorri irabazi du beste behin non dago mendizale gazte honen muga 
for	lehen borrokagai zena orain apaindura baino ez da euskararen erabileraren gainbehera n 
for	goizero zurekin esnatu eta belarrira esan nik aire izan nahi dut 
inf	eunonnispasterrea bidentemporadako azkeneko karrerea izangoaaer zmz 
inf	ya tolosa juteko gogok aumentatzen 
inf	ale matekin amets politak izatea ddd 
inf	 ez pentsatu partidun oaindik gaur ta biar ondo entrenatu beardeu 
for	 4 imagenes una palabralau argazkiek zerbait daukate komunean eta haren izena bete behar duzu beheko letrekinondo dago
inf	lokalen ioritzei 80 irabazi fifan oso txarra dek
for	egurrean jarraitu behar dugulako sakanan borrokak dirauelako 
for	 birigarroa bailitzan beti zuhaitzaren puntan kantari eta alai
for	santi eta josu egia bide askatasuna amets 
for	jende zoriontsua herri libre batean dinamikaren aurkezpena auzoan osteguna1930 auzo lokala zergatik ez
for	gasteizen izango da igandean izarrak kalean nork irabaziko du 
inf	erronka gogor baina polit baterako prest lortuko dozu 
for	el caso farewelletb2 sobiet batasunaren inguruko film ederra
inf	zorionaaak pitxin felices 15 todo dicho y eso asko maite zaitutt maitiee 	inf
inf	 oleee ba oaingoz ondoo aer bestek zemouz jejej porciertoo zoriondu ta tirau fuertee belarritik ne partez ajaj emozinatuta eongoa
for	adibidez udaberrian egindako muralak anorgako ikastolan 
inf	si esque gehiegi matteyot bobontzio horrei
for	gutxi batzuek dena eman behar ez dezaten denok eman behar dugu zerbait 
for	lehiaketaren azkenengo astean sartu gara europako hiriburu batera 4 lagunentzako bidaia irabazteko azken aukera 
for	harremana ez da pertsona perfektuak elkartzea baizik besteren argia eta itzalak onartzea
inf	armosau eta gero prestetan hasiko naz
for	 ez zidaten ezagutzen baina momentuan esango nion hori gustura bururatu ez ordea
for	hain eder ikusten zuen bere burua hain eder bere dniko argazkian inspiratuta masturbatzen zela 
for	aingeruek ere betetzen dituzte urteak 
for	 ko zuzendaritzak ez dit kontratua berrituko gisa iazko emaitza txarrak arrazoituta guztiz ulergarria
for	 dena atera behar da urtarriletik aurrera altxa burua eta aurrera 
inf	animo eee sendatu ari bizkor
inf	zorionak al crack de osondo pasa eta 
for	 inoiz baino indartsuago gatoz gora 
inf	gab laztanak nire partez ondo ein lo 
inf	ze ona dan utorrent ta ni oain enteratzenaiz 
for	bale bale eta zer da karisma
for	atzera begiratu aurrera joan ahal izateko
inf	gaur bermeon karreriegogo askokin gauzak ondo eiteko ta urtie ondo amaitzeko
inf	me ha gustado un video de de dantza zati bat mungian gibelurdinek
for	 lana duintzen saiatu ginen nik izan nahi nuen hiltzaile baina
for	 bera berako jokalarien partez mila esker argazkiarengatik 
for	tiraneko arraunlari bati entzun diot 22tako galizian egon behar zuela lan kontuengatik eta hala ere poz pozik ez zegoen triste
for	niri jartzen didate caro izena eta nahiago jose zorrilla deitzea
inf	 ya interrail pff ni fundamento ni nada nik datorren urteako utziko nuke
for	1217 ute dituzu izarrak plazara talentu lehiaketan parte hartzeko izen ematea zabalik hona hemen k igorritako mezua izena eman 
for	goizian ezer ta gauian gehiegi
inf	 amaitzen ari da azken eguna erezenbat akordatuko naizen zuetazeskerrik bero eta goxoena pittin
for	 txioak faltan botatzen batzutan apur bat astuna izatea nahiago nuen aupa benat 
inf	ustenun amets bat zala bano oaintxe konturau naiz atzo benetan galdu nula mobila
for	sentimenduak preso hartzerik ez dago
for	bikaina ren mugikorretarako euskaltegia jokua maiz parrandetan egin izan duguna joko bihurturik 
for	hamalaugarrena jarraian igoera ziurtatuta datorren astean borobildu dezakegu denboraldia 
inf	uda ta ura besterik ez det behar oain
for	gure prestatzaile fisikoaz zerbit gehiago jakin dezazuen gomendagarria hau irakurtzea 
inf	halabaa oainn bazkaltzea ta aatsaldiann hondartzaa
for	 eskerrik asko lanean jarraituko dugu
inf	falta carrolli akaso hirugarren partiduan zai ia bost partiduta jutean halare harritu nau 23 batek zenbateko mina in diyon madridei
for	19 egun gose greban aupa ugaitz 
inf	 eta nik egazkine hartu bier dot zelan dana
for	27zapata ez nekatu gehiago ama 
inf	 zu bai zarela txapelduna muxu handi bat
inf	 animoooak salooutik jaja noz dekozu azterketie ba
for	bi egun izatera pasa parte hartze arau herrikoiagoekin eta arrakasta100dik gora talde eta 477 jokalari 
inf	anoeta ft en garaipena ikusi ta gero ikusteen
inf	 gogoratuuuu biyarr ostiraaa ke ganas de puente 
for	gero eta argudio gehiago independentzia aldarrikatzeko estatu zapaltzaile honetatik ihes egiteko goazen 
inf	azkan tuite ez azkanengoko tuite
for	buenoo astelehena astea berriro astera
for	zarautzen ere berriak jaio daitezen eskolako kortxoko propaganda osatzen segi dezagun
inf	 crk baino hobeto explikatzen daben bitxartian nahikua ajajaja
for	futbolean ez duelako beti florentinoren diruak agintzen handia borussia
for	orain berriozar aldera taldearkin lanera eguraldi ona nafarroan osagai bikainak primerako kontzertua izateko ni erdi gaixo
inf	 aupa reala aurten championsak txapela daka
inf	 hi ze pentsatok ba eeklaro baietz etxeko bistak jajajaaj lekitxon eurixe bakarrik da
inf	 milesker maitia baibai itxoin inbarkozu morenas bakizu trankilamnt xd alared bakizu ni zugabe enaizela jung prim t matteautela
inf	gauza asko ikesteko eta denpora gutxi
for	jarri sudur gorria ta eutsi irriei
for	presta zaitezte konturatzerako denboraldiko lehen kiniela egiten ariko gara erne rekin eta erne nirekin 
for	anaia arrebekin askotan haserretzen gara baina azken finean maite ditugu 
inf	bihar urtia bukatzeaa ze azkar pasatzean denbora 
inf	zorionakk oso ondo pasa alemanian
inf	gabon txikitxusssss ondo lo ein muxuusss gaur pozik ohera bihar ostirala
for	ekainak 9 etxebarriko jaietan disko festa ekin 
inf	pues k errealak galdu indu beste batean izango da 
for	ta zure gogoz gelditu nintzen
inf	txikitako argazkik ikustia ta beste plazer batzuk
inf	azkenean asi dia san ferminak 
inf	puto enauk bate fiatzen mekauen dios
for	uda honek utzi dituen momentu pertsona eta bizipen guztiengatik agur 
inf	pistinara jun biko da honekaz txikixeekaz no hay tiempo que perder
inf	partido oso ona mutilak grande ekipo
for	euskarak 365 egun dituen bezala berdintasunak beste hainbeste 
inf	 ni konparazion ordunn jajaj txinfuuu
inf	 gaur programan ikusi zaitut non eta komunean uiuiui
inf	ez dekot gogorik inglesera jueteko
for	 eskola kiroleko txirrindularitza lasterketak hasi dira via 
inf	natuurrekin asoberkoobuuff eztet ezerre ulertzen
inf	egun osoa pijaman ze lujoa
inf	gau politze nire txikitxuekaz berri ezin hobeto pa repetir e neskak oin ia xfin lotara nuen 
for	illarramendiren kasuarekin nahikoa nazkatuta nago dagoeneko diruagatik jokatzen du madrilen 4 aldiz gehiago ordainduko badiote doala12
inf	 callatee bua esq seriamnte me cago en tus kompetis prima lengurten de ez nik ikusi in nainizulaaa ta txupito bat artu
inf	 noiz jokatukozue getxon contra partido
for	bihar korrika irunean ta gero eguna ospatzera
inf	zergaitik zagoz hain pozik nii ideeeaaa d 
for	ama hizkuntzen nazioarteko eguna herenegun ez nau hain konekaktuta egunean bertan zeozer jartzeko baina 
for	eta ordubete barru inauteria gizakia naturaren kontra liburuaren aurkezpena n edu zabalarekin 
inf	 eta niii txoria nuen maiteee
for	audientzia nazionaletik sotora bidean gure 5 kideen bila 
inf	zorionak a la gordii de muxux
inf	aztuta neukan zertzan ordu hautan esnatzea 
inf	beste hiru puntu guretzat gaurkoa nahiko errexa lizeo 13 kotskas e 0 
for	guztira 102000 banatuko ditu urtarrilean den denak euskal herrian tokatuko dira 
for	balkanetako eta jugoslavia ohiko feminismoen inguruan irakurtzen eta idazten irakurketadenadelako proposamenik 
for	2 futbolari men egiten dion neurria beste kirol azpiegitura batzuk egitea eta daudenak eustea ez al da ba hobea
inf	pistinan itxoiteeeenzein da oain inpuntuala eeeee eeeeeeee jajajajajajjaaj
inf	gauzak txikiak handiak direla gaboon
for	33 gasteizen 2007an galdutako partidarekin 12 txuriurdinak aurretik zihoazen kotxeko irratia itzali nuenean 5 minutu geroago 32
for	hemen duzue nesken futbolari buruz eginiko erreportaia aldapa zelaituz ederra benetan 
for	porrotx jada zuen zai dago intxaurrondo ikastolan 1730tan kalejira sagastiederrera 
inf	91 irabazi ondo ekipo ondo jolastua ola segui behar degu
inf	san mameseko kobertirie buenoo ya ezta ezer geratzen aupaa athletiic
for	 irabazi edo galdu beti zuekin noa alde egin edo geratu beti nire barnean beti harro zuetaz 
for	gbck acbn jarraituko du eta iraurgi eta askatuak lebetik kanpora geratzeko arriskuan talde artifizial bat vs bi harrobi zer iruditzen
for	foto txoko ezkutuapor iker etxebarria 
inf	 yaa zubietaak ondoo aguantatzen du urarekin zuek bihar berion komeriak
inf	 ooooooh biherko bazkariko itenal zintuen holako batzuk 
for	eunon gaur ez daukagu zer ospaturik
inf	oin baskaltzen aber zelan sentitzen nazen baskaldu eta gero 
inf	 mila esker eta ikusiko gera laister
for	ze harro nagoen gaur hau zuei erakutsi ahal izateaz nyko new school eta kosova womens networken arteko elkarlana 
inf	egunon ya ostirala bana bi azterketakin aber ondo doiazen ta azkar pasatzen dian klasiak
for	for those interested inguruko inork joan nahi balu mesedez abisatu
for	 ta ez galdetu inoiz zer galdu genuen
for	 ara bada bai dena dela netanyahuri opariak ematea lotsagarria dela deritzot
inf	gaur kursilloko azken egunamerendolan potolak jartzea jajjajajaja
inf	entrenamendu txarra ta orain lehengusinarekin azkenengo errepasoaematera euskara ta mate bihar gainditzeko
for	gaur miarritzen 4sasuak ikuskizuna sonorizatzen 
inf	gaur donosticupeko bigarren partidoa aber nola jutean
inf	amaiur zu nahizta ez egon kuadrila jatorrenean irabazlea zara 
inf	oain bihar entrenarako motxila prestatzia 
inf	 egun osoa zuekin gogoratu naiz pozten naiz primeran pasatu izana argazkiek berdina adierazten dute ji
inf	gaueko ordu hautan eukitzea daon situazioik hobena 
inf	oso txarto goaz eta ez dakigu nora 
for	oraindik badira jendearen bihotz txikietan hain handiak diren ametsak itxaropenak
for	tabernetako komunak eta erabiltzaileak klasikoak modernoak eta apurtzaileak via 
inf	 alonsok erosi ta haize tunelean edo ibiliko ziran en plan f1
inf	 ezindett enai etxiann t mobiletikan tuentiya borrau nun mensajes directos de twitter ondo
inf	psn zaunka baina ez du hozka egiten ejem
for	bera bera polideportivo manteo kiroldegia 
inf	amaman etxien jaten hasteko prest
for	bihar kantu berria blogean enkarguz egina euskal herrian euskaraz
for	 hemendik dena primeran doa eta atzoko iluntzea eta gero imajina dezakezu majo zu ondo
inf	altxatu naiz oraintxe bertan ez dakit gero lokartu al izango naizen baina bueno
for	hunkigarria 3 militante kurduen hileta herriaren indarra gora kurdistango herria ez du barkatuko
inf	zorionak garaipen itzela segi holanik
inf	aber bixer mateko azterketie ondo urtetan dan
inf	ekinaren ekinez ezinezkoa eginez aupa 
for	 kaixo arratsaldean gaur ere 5tan
inf	venga orduerdi barru ikasten jartzenaiz
inf	 eneko nere lagun bat jajaja
inf	basurton abre noz hartzen doztien
for	berez ezen penalti area kanpoan izan da
inf	seguruenik ezin dizut munduko onena eskeini baina nere barruko onena 
for	igoerako lehian jarraitzeko gaurko hiru puntuen bila martutenelizeo 
inf	bueltaxka inda gaur lasai dauakau lo itra 
inf	 miyesssskerrrr guapi erregek portatuyaa o biharrarte jejeee muaaaaaa
for	 bere taldean ez dira damutuko fitxatu izanaz
inf	 kontuz zee esateezun o iteenazun grabaziioa dakatela
inf	iritxiyalaaaaa sanmielaak15 esne beltzaaa ze esatekk 
for	izaera politikoa duten hilketen 95 epaitu gabe jarraitzen du luis plaza velez n 
inf	 a klaro esaten dute ez dala oso hona
for	erradikalak al gara a ze lurrikara zorionak ane labaka eta bea elgezabali ez ezazue galdu aukera 
for	gaur 1900etan an bagera elkartearen ikasturteko 1 soziolinguistika solasaldia 
for	photo altar by iker etxebarria via 
inf	ta nere ustez felix bai idatzi du bazekilako danak zekitela oihanerekin liau zala eta ondo geratzeko mundu guztiarekin 
inf	maleta ein bier dot eta oien botata nau
for	ez utzi malkorik ezpainetara iristen 
for	 ni kantetan hasi ezkero igual bai tiro bat merezi 
inf	 tdo olor askeroso de no aberse dutxau en una semana benga gorditaaaa
for	hemen ume batek amesten du amestu ahal izatearekin
inf	gauur tokatzeen da gooazen leheenengoo finaalaa
inf	es traper lo punk nizuri tazuneri via 
inf	dena gaizki ateatze zait gaur
inf	 barkatu saiatzen ai naiz spamarekin akabatzenduela asko iritsi zaizu
inf	laster lokartu ein bier naz
inf	bixer laneray ke no falte
for	martxan dago kirol web gune berria sport trend trotters 
for	hona izarrak plazara talentu lehiaketarako finalistak zorionak 
inf	mundu erdia juergan ta ni etxen 
for	banda bat osatu dute irlanda kornualles gales eskozia frisia galizia eta ehko musikariek 
inf	zorionakkk oso ondo bukatuu egunaa
for	 oso argazki polita parra herrera delgado cubino
for	arabako ren errektoretza ordera hurbildu eta honakoa en castellano por favor lotsagarria ta iraingarria hizkuntz eskubideak
for	badaude milaka arrazoi irri egiteko gabon 
inf	ikaragarriajuernes toury ardi n kasaaisssprioridadesathletic beti zurekin
inf	 justu gaur ezttiat gosaldu bano amak iya merendola bat sartu ziak motxilan jajjaaa
inf	 aaaixmiyeskeerr preciosaaaa zu bai zealaa tonta
for	 egitaraua aurreratzen hasi dira eta madonna ez dela bertan izango jakin dugu 
for	kostatuko zaigu zure irribarre ahaztea 
inf	zoooorionak osoo ondo paseuu egune eta ontze gauzz pd prepareu belarrixek
inf	 en zain buzoneua itxekooo pff vaya puta basuraa
inf	zorixooonak oso ondoo pase ta gero gaauuz ia plaise ikutzen bagun geur jaja benga geroartee
for	 hori gezur hutsa da diskurtso hori xix mendeko eajrena da
for	eskerrik asko hunkigarria eta polita izan da 
inf	bera ikusteko gogue badekot baina oin dala aste bete egon nintzen beragaz
for	meritua du gero bi euskal txirrindulari bukatzeak lehen hamarren artean horren proba garrantzitsu batean 
for	aupa garaipenaren bila joan behar gara animo ezer ez izatea garaipena berari eskeintzera
for	ez da argentina italia da hamsik napoliko ultren buruarekin partidua jokatu edo ez erabakitzen beste mundu bat 
inf	 eskerrik asko amor ke bien sientan los animos
inf	 gu jota formalak gara jajjaajja
inf	 jajaja inoiz aldatu ezingo den gauza
inf	 leon enjaulau piolinen morun kaxolan sartute 
inf	2 egun eta oporrak ondo irabazitakoak like a monkey 
inf	honetan momentuetan ezta egoten gauza askorik esateko baia animo
inf	norbaitek thomannea pedidua inber badu abixauu
for	 argazki horrekin fondo de pantalla egingo dut hala ere elizaso estimatzen dut oraindik ere lan bikaina
inf	 gabi eztezu pillatu asieran ta oain pillatuzula esandezu broma zala taa bano ezautzegeaa
for	 haien arazoa gurea bihurtu nahi dutenean edo
for	1000etatik 1100etara munduko emakume artisten artelanak hizketagai ko 
inf	ta bihar gure bizitzako azkenengo ahotsu eguna gabon danoi 
inf	ze ondo sartu date oin dutxatxu baat 
inf	 eso esta echo makinaaaaa burua gora eta egurreee bai bai ee aste barruan ingu berba hi zaindu eta ondo pasaaaa
inf	amaitu dogu pistako 20142015 denboraldiko munduko kopie atzo azkenien taldekako jazarpen proban seigarren postuen amaitu ginun 13
inf	 ez dakit orain itzegiten ari gara abisatuko dizut
inf	 ea nz antolatzen dugun donostian ere urbano fest horterua 27 autobusarekin yeah 
inf	 ejem ejem goizetik joateko beste gogo
for	 aiaraldean dago laudio ez araialdean artikulu interesgarria
inf	egun sensibletarako anari bezain hoberik ez dago
inf	 kin kotxian arasera juten k ganas
for	altxatu arnastu irribarre egin eta aurrera jarraitu nahi duzunagatik borrokatzen baduzu azkenean lortuko duzu
for	ez dut uste nire nortasuna agertzeak asko eragin de nire ikastetxean ikasten duzu 
for	 irakurketa dramatikoak egin baino lehen irakurri eta hausnartu ta gogoratu amuarrainak begi bi 
for	zein da sare sozialetan edukiak partekatzeko unerik egokiena 
for	espainiako vuelta lehiaketarako kiniela egin berri dut parte hartu zuk ere 
inf	 aitz gutinaka aklaratzen nahiko lan jajaj
inf	 ni lenuo axek bno ezemat ataek
inf	mila kilo zorion maitia mz zubero pais vasco spain 
for	 kaierari buruz lanketa egin ostean 
inf	 zenbat negar ta zenbat min ta zenbat gau lo einbarik trilillioiaisldjd
for	guztiaren amaieran beti ilargia ateratzen da 
for	ez hezi bai ikasi ta lanerako bizi kontsumismoak gaitu osorik irentsi 
inf	 eguzkiyan alturan kontua da eguzkiyan berotasunana wikipedia lady
for	albiste pozgarria baina talde euskalduna izatetik espaniarra izatera pasatuko da gogortu duela 20 urte sortu zela
for	 eguzkitsu eta goiza lasai hernaniko santa barbara urdina eta donostialdean ostarte 
for	 contadorren erasoa shleci katea irtetean
for	girl vs woman why language matters via ederra benetan ikusi
for	momentu txarrenetan irribarre bat atera 
for	ez utzi malkoak ezpainetara iristen
for	egun ilunak koloreztatzekohemen zaudete lagunak betidanik izan ez bada betirako izan dadila 
for	elkarrizketa irakurtzeak adina interes edo gehiago du jendearen iruzkinak irakurtzeak 
inf	 ezta nahikua bano ezerrez bano geyo ta gu bitarten plazak betetzen nik espek ez baluke ezer ateako nayo
inf	 hamen mfn adi doan bakarra ni naiz asik dejar d molestarme en klase kroa kroa kroa
inf	 ta bi badia obeto ajjaja
inf	zapatuko kontzertuko momentueitzel pase gendun argz 
inf	 iguaaal bixori zaindu biakodozkuee deskuidau ezkero ajaj
for	euriari aurre eginez emakumea gaia mintzagai gaurko mintzodromoan an 
inf	zmz eotek klasenta gn aurikularripe 
for	 hara nere ametsetako etxea handitzen naizenerako gordea
inf	 jajaja ba ezdot uste neree ajaja nik atzo inauen gaur mutilak
inf	saiatzen saiatzen saiatzen saiatzen saiatzen saiatzen saiatzen
inf	aupa roma sorte on txapeldun 
for	karmele jaioren artikulu itzela panpinak 
inf	1315 gutxii faltaa zaitt porfiiin
inf	atsaldeko bostetan kriston egualdiakin gizarte ikastea
for	murala bukatuta gogoratu astelehenean mozoloaren bidearen kontakizuna euskara eta armenieraz arratsaldeko 530etan 
inf	egun on bon mati ostirala jada 
for	eskerrik asko bidalitako mezu bakoitzagatik guri eskaintzen diguzuen arretagatik eta zuen poztasun 
inf	 jajajaj zerena izan dezu aer zortiaa dezuun xddd
inf	autoeskolara puxkat aber ke se kueze
inf	 eskerrik asko argazkik guri ite eztixkiguen bitarten baleko gaituk
inf	 ta nik dirurik gabe poltsikon 
for	 etorkizuna nondik joango den ezin jakin zaila zen instagramen arrakasta aurreikustea edo agian urte batzuetan facebook desager daiteke 
inf	kafetxo bat korrika egiten hasi baino lehenago ea zelan doan aspaldiko partez oina portatzea 
inf	ez dugu etsikojo ta ke irabazi arte athletik beti zurekin
for	ez gaudela erdi aroan egutegiak dio ta erregeak zer dio txanponetatik kanpo 
inf	oskarakukai dantza taldea en azpeitia 
for	iazko tourrean nire kinielan zegoen sepulveda etapa garaile argentinan kotxe batean sartu eta kaleratu zutela gogoratzen 
inf	ya domekaweno eskerrak aste hontan astelhnian noian 
inf	 ba ni azalduko naiz eta bilerara ere bilera 4tan ez
inf	 eskerrrikaskoo pitxuuu sayatukogea disfrutatzen atzo hasiera ona emnda jajaja muxutxus guapi
for	bai bai badakit gaur bezelako egun baten ezinezkoa dela ren inguruan ez hitz egitea baina
inf	 nik bai maiteizutelaa mi niniohhhhhhhh jajajaj 
for	 k hartu du lekukotza abiatutako ekimenean 
for	 no participamos en esta farsa gora euskal errepublika 
inf	ze gertatzek salbiden baya mobida
inf	i dreamed a dreamzuri dedikatuta aurrekoan bezela asko gustatzen zitzaizun eta eguberri on maitia 
for	andoni jartzea bakarrik falta da 
for	ikasturtea hasi da ikasleek euren burua aurkeztu dute mundura hona bat ederra laster gehiago
for	bihar hitzordua euskara berdintasuna hezkuntza eta kirolarekin 
inf	pistinie bete bigu etxien dekoten iserdisegaz
for	gaur hitzordua karmelo ikastolan eta rekin batera 
for	 bidez alabarekin eta bikotearekin gosaltzen ni n eta beraiek n teknologiak zer egiten duen 
for	ez betidanik baina bai betirako 
for	ba al daki inork bereizten zerua ta infernua nor dagoen sufritzen eta nork daukan errua
inf	udan gauzela emoten deu jajajajaja
inf	gaur zornotzan etxeko karrerie begixek itxite eingo naban karrerie hoy la carrera de casa en amorebieta
inf	 jaajaajj betebetean aamatu duzu aurpegiarekin beraa daa
inf	trikitixa dantzatu nahiko nuke edozein herritako jaixetan 
for	gasteizen green capital delako eskaparatearen izenean tokiko bizialternatiba bideragarria suntsitu nahi dute 
inf	 ikusizu banderazua jajajaja gangnam style
inf	goize entrenatzeko aprobetxaute arratsaldin relaxxx
inf	giro ederra bilbonirabaztie bakarrik falta da aupa 
for	astindu hegoak begi eta bihotzak ez daukate lain
for	ta isiltzen banaiz ez da hitzik ez dudalako
for	egun ederra eskerrik asko guztioi 
inf	gaurko entsaio bukauta bazen ordua etxera heltzeko ordu hauetan afaltzea ez da ona ttek
for	ez zituenez berarekin nahi gauza txar guztiekin batera oroitzapen 
for	 zutik emakumeak hautsi gure kateak zutik zutik zutik euskal herria feminista eraiki
inf	 errepikatu beharra ziok eeeeee jujujujj
inf	 gaur gustoa jungo nitxian bai tolosaahan gaurko eunez latzaaaa eoteek baiurte baten izenitxian
inf	 ze gogoa daukaten rekok donostiko kanpusen ekitaldiren bat egiteko
for	donostia tanbor hotsez beteko da bihar bana gaur gure kartelez josi dugu 
for	 ezagutzen duzu erabiltzen duen eskola eredurik 
inf	holako momentuk faltan zialaa amatxomaitiaaa 
for	 euskararen biziberritzea ez da arazo pedagogikoa soziologikoa o linguistikoa arazo politikoa baizik 
for	maitasuna norengana zuzendu aukeratzen saiatzen ona benetan asier beramendiren posta n 
inf	bueno ba zozer afaldu oztien madriletik gelara zozer ein eta ogera
inf	zorionakfelicidades besarkada haundi bat un fuerte abrazo
inf	ba eztakit zeer ein oin
inf	ya ez ditut agujetak menos mal ze bestelaaa
inf	 ek in dau ta watsapetik bidali doztaa
inf	 nitzat esan eitze amaitzen jutwko tronu ze audientzixak berutz ixuzen da
for	upv off atea itxi eta ikasleak baino gehiago ikasi izanaren sentsazioa
inf	 gonzalo arconada da horren erruduna gbcn kriston lana intzun baita oso prentsa arduradun ona jatorra ta detallista crack bat
inf	horrelako gau bat ta gero familiakin berdiin zait bihar olentzerok ez badit oparirik usten honekin nahikoa da
for	bihar asteartea arratsaldeko 7etan potxoenean hauteskundeen inguruko batzar irekia balantzea hautagaiakanimatu 
inf	 bueno bixer ostirala ordue zan
for	ikaragarria atzo bilbon bizi izan zena eta gabarrarik gabe hurrengoan gabarrarekin ea zer nolako giroa sortzen den 
for	world tourreko sonatik urrun les nations erlojupeko proba jokatu da gaur martin garaile anquetil 9 aldiz nagusitu zen 
inf	gann gan stilekin esnatzenjajjja ezaizz normala
inf	atzoko gaua igerilekun ur termaletan eta gimnasioan bukauta gaur ondo
inf	 nun nagon zerbait behar badezu
inf	 ikusten itzela ta oso interesgarria izango zan moduko persona bat bertan elkarrizketatua izatea apuntate a sanjo para una entrevista un tio muy interesante y con un punto de vista interesante
inf	mila esker muxu haundi bat
for	 ez dut halakorik uste ez dut zure iritzia partekatzen
for	gertatu behar dena utzi gertatzen
for	eta galdezka jarraituzkongresuan abortuari buruz larreina jaunak zer bozkatuko duen jakiterik al dago 
for	evansek andyri erlojupekoan 40 segundo baino gehiago ez dizkiola aterakoan nago maillota parisen andyrentzat 
inf	 iaaa en finess asteburuu hontan ez dakit denborarikizangoo dudann baino urrengoan baiu
for	donostiako san silvestrea motorrak berotzen ez geratu dortsalik gabe 
inf	 yaya jajajaja aupa charly sartuko du buruz ta ilarrak ez du sartuko
for	 hori bai lehen bazekiten erdiratzen orain ez hainbeste
inf	sin moron jeje sala sonora bilbao 
inf	soinu frogak iten adisarrerak dagoeneko agortuak 
for	gaur grabatzen aritu gara egunotan jardunaldiko hizkariak aurkezten joango gara 
for	tirrenoadriatikoa lehiaketarako kiniela egin berri dut parte hartu zuk ere 
inf	 lasai ainhoa ya bi geamukik ta begitako pikorek eguraldi onan senale diaaajajaja
for	gaur gaueko 2230etan eitb 1ean egongo naiz zuzenean donostiako suekin batera hoy 
inf	 si ahora bihar bihar jajajajj
for	 emozio ederra haimar tourreko azken aurreko etapa madarikatuan gertautakoak ahaztu eta atzoko gozotasunaz disfrutatu eutsi
inf	 ezabiz ondo ezpaza athletiku eztakixu zer dan
for	gurasotasun feministaren inguruko baliabide bila laguntzerik looking for references about feminist parenthood 
inf	2018 urtea hasteko erarik hobena 
inf	 hemen ezin da asko disfrutau hondartzataz jajaj 
inf	 eee oso guapua ek eee jaja
for	suitzako itzuliko etapa ezin ikusgarriagoa mendatetzarra igo eta jaitsieran zegoen helmuga saganek etapa eta cunego lider 
for	set de fotos zerua askatu eta mari anderea haserre azaldu da zerbait gaixki egin ahal dugu ba aita 
inf	 amaiera triste eta frustrantea izan zan baina une hautan oraindik harroago nao errealekoa izateaz lenengo zati kaxkarra bigarrena kastaz betea bultzaka bazan ere hartu konfiantza igandean animau bestuarioa ta beti zuekin gora erreala betiiiiii
for	 miren zabaleta sonia jacinto eta arkaitz rodriguez aske geratuko dirazigorra osorik beteta 
for	doako bi orduko tailerra animatu eta izena eman plaza mugatuak 
for	 izen ematea zabalik euskaraz hitz egiteko ohitura duten pertsonak eta mintzapraktika egin nahi dutenak biltzeko programa 
for	arrautza bat lurrera bezala erori zara neure bizitzara eta dena zikindu duzu
for	amestu aske sentitzeko hobe konfeti kolore 
inf	nun jokatuko da rezusta vs ibai zabala finala 
for	 badirudi aurten ere kolonbiarra ondo ibiliko dela ezta
for	lekukoa eramatea hunkigarria bai gustora egon ginela eskerrik asko 
for	 ez det gehiago askatuko lasai 
for	ametsak zirriborro baten idaztea zer da gero garbira pasatzeko astirik ez bada
for	 download full text egin eta gero irakurtzeko momentuaren bila
inf	 jojojoj ba bai bana oin debara nua ze gauzak lagatzea etorri naizaprobetxauu azken egunakk maria
for	ander amonarriz hernaniar jubenila irabazle andoainen gipuzkoako itzulian 
inf	bihar iratzargailuak 630 joko du ea esnatzen naizen ta zerbait ikasi gaboon denoi
inf	 zerda zure printziko lagunan jeto oi kenduu jajaja
inf	nire dultze morena eskutik helduidazu eta zure etxera laguntzen utzidazu
inf	 12 ni al naiz jajaj
for	 orduan inori ez dirulaguntzarik laissezfaire
inf	inoizz ezdet ainbeste lo ein juerga bat ta gero
inf	 ez dakit motibatua o ez baina atzo ze orduk arte ibili zinan hemwn idazten e ke aki nos enteramos de todo jaja
for	auzoko aniztasunean euskara plazara urtarrilaren 22an 
for	aesaten duzun hori funtsa egia izatea da inportanteenaa via 
for	5 egun izarrak plazara ekimenean izena emateko zeren zain zaude 1217 urte dituzu 
inf	hibaika ta san juan indartsuuu hurrengo igandea bero dator 
inf	oso pozik spiuk profit berriekin muy contento con las nuevas spiuk profit eskerrik asko 
for	donostia 20016 eta donostia kulturako langilee via kortxoenea
inf	zurine emon zure movilleko numero oso guapi zara zurekin berba egiteko movilletik
for	azaroak 13 txorierrin baietz lortu 60 egun euskaraz olgatzen programaren aurkezpena 
inf	no jodas tuenti berrie mobilleako por kojones jetxi bearra dela
inf	buuua este ano ek arrasa con todo aupa neskak
for	30eko aldapa zer da broma bat 
inf	 ez kezkatu bizitzaren aldeko liburua da la vida debe vivirse hasta q no pueda vivirse mas
inf	zozo zuria espeziea ikusi ei dabe gaur goizean sanduzelain maite ditut maite gure bazterrak 
inf	egun puta guztietan beldurrari ihesean 
inf	 ba tv3en ikusteko moun zeon aspalditik ta guk errex ulertzeko katalan baten batzutan esfortzu txiki bat itia da dana
for	ez dago eguzkilorerik nire etxeko atean 
for	udako mintzalagunen izen ematea zabalik ekainaren 25a arte udaran ere jarri mingainak dantzan 
for	jaiak egingo gaitu batzar irekia gaur 1900etan parte zaharreko n 
inf	una frase bonita zaila egiten zait dena zu etzaudenetik 
for	 bihar paella erraldoia acedotik zuzenean
for	 eman izena eta sariak irabazi lonjazank
for	ingalaterrako ospitaleetan lana egiteko c2 ingeles maila eskatzen dute bainan hauek zer nahi dute mediku onak ala ingelesa ongi hitzegiten dutenak 
inf	 ribeiro albarino ta estrella galiciakin ezto penaik aupa baskonia
for	 urteberriko saria aurkeztu dute eta bada zerbait irabazteko garaia lemapean 
inf	 faltsua izatia gure arten daudenak bai faltsuk eztiye pentsatzeuena publiko iten ta independentzia bulla in ta esp animatu
for	orreaga eta gero zer eman izena gure ikastaroan 
for	kaixo pena aukera ezazue lehian taldeak jaietan joko duen hurrengo abestia aukeratutako 
for	 errenteria itsusia egitasmoa oso goragarria iragarkietan aste santuari aipamenak oso laikoak ez izan arren
for	partidu on bat ikusteko ala hil jo ta ke guazen mutilak
for	noiz itzuliko zara galdetzen diot gaur nere buruari
inf	pikutara felix eta oihaneren estrategia niri jatorra hitzak gauza bat esateit hauei guztiz kontrakoa antza ni al nau oker 
inf	 eskerrikasko ibonbai jungo naiz kanpamentua
inf	 ondo zaude maitia joe ne jefa ematenzuhonen kasun mahaiai ta dana jotzenyo xd
for	nafarroaren historia memoria bizia 15121982 ikastaroaren programa izena emateko 
inf	noiz ta nun intzenun gaupa ta de ke alegiko festetan nere urtek zialako 
inf	 orduterdi te orduterdi 3 orduri
for	dagoeneko ikusgai elgoibarren futbola ere euskaraz bideoa 
inf	 zorionak lan ona in dezu
for	iratzargailuari minutuak lapurtzen egon ta gero ohetik altzatu bizikleta hartu eta olabideraino igo
inf	 animoo nik bihar lehenengo azterketaa s valerianas tilas
for	gaur 1900etan bageraren elkarrizketa filosofikoetan heriotza kulturaren ikuspegitik eztabaidagai an 
inf	 aramaiko udalari esker kiroldegia beterik eta ikuskizun borobila el mejor homenaje para comprobar que existe cantera eskerrik asko danori 
inf	euria tarteko zoramena besteko guardasola eskuan babesteko 
for	animo tolosako jokalariaren familia eta lagunei 
for	 hala ere ez nago ados baina tira ukaezina da ez dela haien une hoberena
for	esatea libre euskararen egoera aztergai 
inf	 gauza bat esan gurotzut ez emon enbidiarik nik ikesi ein bier dotela finaletarako
inf	 zorionak asier ia buru haundia bilbora ekartzen duzun
for	t ez dut esan bn atzoko gauaren onena montoiak egin zuen bertsioa zenbat diruzale zenbat putaseme latz
for	 dudarik gabe hamaika min dira oraindik lanbropean laster kalean haize ufadatxo bat lanbroa altxa dadin 
for	zenbatetan izan dugun gure barrua etsai eta zenbatetan galdu dugun gure kontra
for	kazetarien arteko desberdintasuna tren istripua aian etbk abisua jaso eta tokitik emititu du alboko hesira kanpotik begira
inf	bueno jentuza oiea noa biar 7terdik aldea esnatu bear data 
for	amurrion emandako kontzertua ikaragarria benetan 
inf	hasiko naiz ba liburuakin itxura ona daka beintzat
for	gurea euskal errepublika askea delako eta ez monarkia
for	atzoko eguna itzela izan zen hunkigarria eskerrikasko hurbildu zineten guztioei laguntzaileei bad sound system 
inf	dentistatik ateatzeko gogua t oaindik enauk sartu
for	 sorte on izan gaurko triatloian
inf	 bestetik la muerte cae del cielo jajajaja eso si barkamena ez degu eskatu behar aunque demos el pesame familiei 
for	irabazleak zaretela dudarik ez dago espanol hauek lapurtu behar dute garaipena bestela inork ez du euskal selekzia irabaziko animo neskak
for	30 segunduko bideo laburlaburrak ikasleekin eginak on egin
inf	 nun sartu za ez dotzut ikusten
inf	 hik segi hortan batzui interesatuko zaiguk eta asuntua goizen 5etan ta parrandan bakarrik ezin dik izan tt dragoi bolak
inf	 eskerrik adko bixa ongi pasa zure eune 
inf	lehenengo euskaltelalonso oin hau buffff hau merezi dogu
for	 arrazoi bere izena aipatzen da eta zerbait argitzen lagundu dezake jaunak
for	hemen dago jada altzako vii bertsopaper lehiaketa 
inf	hiru egun de deskoneksion ongi torri naute
inf	buenoba jeiki ta mendi aldea jungo gea bueltabat ematea kin
inf	 rutiakin jarraitzeko nre etxetik pasauko balitz be ezlitzake gaixki egongoo ajjaja
inf	 ya vestuperrare etxean nula konturatu naiz ta klaro geau in ber nitzan jajajaja la edad la edad xdddd
inf	aa ondoo danaak ni bano lenaago enteeratzediia gauzetaz
inf	sorberte al caba gosue hartu dot nik untze
for	inoiz ez al duzu sentitu zoriontsu zarela 
inf	gabon maite maite maitea urko 
for	 borova carbono 14 disko berriaren aurkezpena aurrenekoz gipuzkoan 2011528 landare orereta 
inf	 nola indek hori menudo artistaaa
for	telebista aurrean etzanda zauden horrek aro berri honen gida hartzeko prest al zaude makurtzen zarete altzatu gaitezen 
for	 khaurren parte hartzearen inguruko formazioa azaroak 14 goizean n 
for	ekoeskola 2012 martxan irunean fracking hondakinen kudeaketa canal de navarra zilbetiinformazioa 
inf	 oso politze ze ustezu jaja
inf	zapore gaxi goxoa bigarren postuan gaurko txapelketa hurrengo baten izango da
inf	 barcak kopi irabazizkun eunin florenek urteban esaten presi ixule portadetan ez agertzeko barca
inf	 de jong mesedez ehh jajaj bai bai barry eta batez eree toureee indartsuaa aizu nik ere badut kalidadeaa ehh piskak jaja
for	inork ba al daki ibookskindle dokumentuak liburuak inprimatzerik ba ote den
for	trialsinek irudi ikusgarriak utzi ohi ditu 
inf	zoriooonaaak al gran ondo pasaau egunaa ta haber gero gauzen benga krak
inf	azken egunak tiketak erosteko ultimos doas para comprar los tikets que no se te pase gora jai herrikoiak 
for	gauzak batzuetan ez dira nahi bezala ateratzen 
for	simu fratelli anaiak gara circhemu a strada askatasunera entzuten da korsikan 
for	mundua ikusi nahi dut baina zure ohetik
for	 arrauneko dopinaren aurkako kontrolak hain eskasak diren bitartean zuk esandakoak tamalez ez du eraginik guztiak garbi daude
inf	 eskerrik askoo gipuzkoan ez zen koloreetan joan gustatu zait nola geratu den dena nire izena ezik jejeje azpiazu zrekin
inf	hay algobonitotarde perfecta con quien quieres bada zerbait politagoaarratsalde ezin hobea maite duzunarekin 
for	 hunkigarria tabuak ezabatu heriotzaz duintasunez eta maitasunez hitzegin heriotzak maitatzen ere irakasten digulako
inf	gaur konturatu naz zergaitik foro d ermuakoak eta manos limpiasekoakak diran hain ilunak ze gaizki bizi den guardasol 1n azpian 
for	ba al zenekiten julio salinas futbolari ohiak n ikasi zuela 
inf	buelta bihar lanea berrize gabonanittt
inf	ni mourinho ixanda higuain barrure eta altintop kalea p
for	ni beti izango nauzu benetako laguna 
for	eta zenbat botatzen den faltan arriondas asturias spain 
inf	 ren mezuk deialdikwatxapak twitterak egun osoa alaitzen ditea
for	sinplea etxean sortutako hondakin organikoak etxe ondoko konpostagailuan kudeatzea 
inf	ostiralaaaaaaaaaa egun ederra bagerakidea izateko zatoz 
for	mundialetan eta halakoetan sortzen zaidan zalantzakezka zergatik herrialde bakoitzak ez du berezko izenaz jokatzen kroaziahravtska etab
inf	aaixzelako burugogorra zaaan baaina igual iguual beti zare or irribarre bat ateratzeko 
for	klaseak izan baino lehen hondartzan pasa dudan azkeneko arratsalde ona 
for	gorroto ditut gorroto gorrotoz soilik bizi direnak eta maite maitasunez dena ematera iritsi direnak
for	inauteriak gaur da gure gaua 
for	 bere ezpainen umela soilik desio dutela
inf	 ea egia den aupa athletic
inf	ba oin ez dakit zer ein
inf	han ezaguna itten xaten fabrika baten egon dia etbko atsuak
for	nire zauria sendatuko dute biharko zure malkoek
inf	 animooo benga azken txanpa aran ta geo ya oporrak nola dijuazt gauzak hortik
for	gaur eta biok taula gainean sarreren zozketa egingo dugu esker adi
for	 ta zorte on zure talde berrian aupa 
inf	pa san juan de gaztelugatxe
inf	bixer zortziretan izartu biher nazela bederatziretan dentista dekotelako eibarre eta gainera lau ordu dentistanien sartute
inf	zorionak a la fea de ikusiko gea muxutxo bat
for	gazte ez gelditu gora begira hitza eta ekintza bihotza ala heriotza
for	euskara bizilagunak proiektua donostiara iritsiko da azaroaren 13an elkarbizitza euskaraz 
for	azkenengo eguna ibizan eskerrik asko amz 
